arguments;full_signature;function_definition;function_name;identity_arguments;language;leakproof;parallel_safety;return_type;runtime_config;schema_name;security_definer;strict;volatility
_service_name text;_compute_consume_quantity(text);"CREATE OR REPLACE FUNCTION public._compute_consume_quantity(_service_name text)
 RETURNS integer
 LANGUAGE sql
 IMMUTABLE
 SET search_path TO 'public'
AS $function$
  SELECT CASE
    WHEN _service_name IS NULL THEN 1
    WHEN public._norm_pt(_service_name) LIKE '%combo%' THEN 2
    WHEN public._norm_pt(_service_name) LIKE '%barba%'
      AND (public._norm_pt(_service_name) LIKE '%corte%'
        OR public._norm_pt(_service_name) LIKE '%cabelo%') THEN 2
    ELSE 1
  END;
$function$
";_compute_consume_quantity;_service_name text;sql;false;UNSAFE;integer;"[""search_path=public""]";public;false;false;IMMUTABLE
_txt text;_norm_pt(text);"CREATE OR REPLACE FUNCTION public._norm_pt(_txt text)
 RETURNS text
 LANGUAGE sql
 IMMUTABLE
 SET search_path TO 'public'
AS $function$
  SELECT lower(translate(COALESCE(_txt,''),
    'ÁÀÂÃÄÉÈÊËÍÌÎÏÓÒÔÕÖÚÙÛÜÇáàâãäéèêëíìîïóòôõöúùûüç',
    'AAAAAEEEEIIIIOOOOOUUUUCaaaaaeeeeiiiiooooouuuuc'));
$function$
";_norm_pt;_txt text;sql;false;UNSAFE;text;"[""search_path=public""]";public;false;false;IMMUTABLE
p_appointment_id uuid, p_product_id uuid, p_quantity integer DEFAULT 1;add_product_to_comanda(uuid,uuid,integer);"CREATE OR REPLACE FUNCTION public.add_product_to_comanda(p_appointment_id uuid, p_product_id uuid, p_quantity integer DEFAULT 1)
 RETURNS jsonb
 LANGUAGE plpgsql
 SECURITY DEFINER
 SET search_path TO 'public'
AS $function$
DECLARE
  v_tenant UUID;
  v_product RECORD;
  v_appointment RECORD;
  v_total NUMERIC;
  v_sale_id UUID;
BEGIN
  IF p_quantity IS NULL OR p_quantity <= 0 THEN
    RAISE EXCEPTION 'invalid_quantity';
  END IF;

  v_tenant := public.assert_comanda_access(p_appointment_id);

  SELECT * INTO v_product FROM public.products WHERE id = p_product_id AND user_id = v_tenant;
  IF NOT FOUND THEN
    RAISE EXCEPTION 'product_not_found';
  END IF;
  IF COALESCE(v_product.stock_quantity, 0) < p_quantity THEN
    RAISE EXCEPTION 'insufficient_stock';
  END IF;

  SELECT * INTO v_appointment FROM public.appointments WHERE id = p_appointment_id;

  v_total := ROUND((v_product.price * p_quantity)::numeric, 2);

  -- Insert product sale linked to appointment
  INSERT INTO public.product_sales (
    user_id, barber_id, appointment_id, items, total_amount, status
  ) VALUES (
    v_tenant,
    v_appointment.barber_id,
    p_appointment_id,
    jsonb_build_array(jsonb_build_object(
      'id', v_product.id,
      'name', v_product.name,
      'quantity', p_quantity,
      'price', v_product.price
    )),
    v_total,
    'completed'
  ) RETURNING id INTO v_sale_id;

  -- Decrement stock
  UPDATE public.products
    SET stock_quantity = stock_quantity - p_quantity
    WHERE id = p_product_id;

  -- Register transaction (income)
  INSERT INTO public.transactions (
    user_id, tenant_id, barber_id, appointment_id, amount, type, category, description, date
  ) VALUES (
    v_tenant, v_tenant, v_appointment.barber_id, p_appointment_id,
    v_total, 'income', 'Venda de Produto',
    'Comanda: ' || v_product.name || ' x' || p_quantity,
    (now() AT TIME ZONE 'America/Sao_Paulo')::date
  );

  -- Append to appointment items + bump totals
  UPDATE public.appointments
    SET items = COALESCE(items, '[]'::jsonb) || jsonb_build_array(jsonb_build_object(
          'id', v_product.id,
          'sale_id', v_sale_id,
          'name', v_product.name,
          'type', 'product',
          'quantity', p_quantity,
          'price', v_product.price,
          'total', v_total
        )),
        total_price = COALESCE(total_price, 0) + v_total,
        final_amount = COALESCE(final_amount, 0) + v_total,
        updated_at = now()
    WHERE id = p_appointment_id;

  RETURN jsonb_build_object('success', true, 'sale_id', v_sale_id, 'total', v_total);
END;
$function$
";add_product_to_comanda;p_appointment_id uuid, p_product_id uuid, p_quantity integer;plpgsql;false;UNSAFE;jsonb;"[""search_path=public""]";public;true;false;VOLATILE
;admin_anomaly_alerts();"CREATE OR REPLACE FUNCTION public.admin_anomaly_alerts()
 RETURNS jsonb
 LANGUAGE plpgsql
 STABLE SECURITY DEFINER
 SET search_path TO 'public'
AS $function$
DECLARE
  v_alerts jsonb := '[]'::jsonb;
  v_wa_disconnected int;
  v_gateway_failures int;
  v_automation_failures int;
  v_open_tickets int;
  v_low_reviews int;
  v_dormant_paying int;
  v_incidents_open int;
  v_stripe_recent_failures int;
BEGIN
  IF NOT public.has_role(auth.uid(), 'super_admin'::app_role) THEN
    RAISE EXCEPTION 'Forbidden';
  END IF;

  -- WhatsApp instances disconnected on paying tenants
  SELECT count(DISTINCT wi.barbershop_id) INTO v_wa_disconnected
  FROM public.whatsapp_instances wi
  JOIN public.profiles p ON p.id = wi.barbershop_id
  WHERE COALESCE(wi.connected, false) = false
    AND COALESCE(p.plan, 'free') NOT IN ('free', 'trial');

  IF v_wa_disconnected > 0 THEN
    v_alerts := v_alerts || jsonb_build_object(
      'id', 'whatsapp_disconnected',
      'severity', CASE WHEN v_wa_disconnected >= 5 THEN 'critical' ELSE 'warning' END,
      'title', 'WhatsApp desconectado em barbearias pagantes',
      'description', v_wa_disconnected || ' barbearia(s) com plano pago estão sem WhatsApp conectado.',
      'count', v_wa_disconnected,
      'action_label', 'Ver barbearias',
      'action_route', '/admin/tenants'
    );
  END IF;

  -- Payment gateway failures (24h)
  SELECT count(*) INTO v_gateway_failures
  FROM public.payment_gateway_logs
  WHERE created_at > now() - interval '24 hours'
    AND (status ILIKE '%fail%' OR status ILIKE '%error%' OR status = 'declined');

  IF v_gateway_failures >= 3 THEN
    v_alerts := v_alerts || jsonb_build_object(
      'id', 'gateway_failures',
      'severity', CASE WHEN v_gateway_failures >= 10 THEN 'critical' ELSE 'warning' END,
      'title', 'Falhas em gateways de pagamento (24h)',
      'description', v_gateway_failures || ' transação(ões) falharam nas últimas 24h.',
      'count', v_gateway_failures,
      'action_label', 'Ver logs',
      'action_route', '/admin/errors'
    );
  END IF;

  -- Automation failures (24h)
  SELECT count(*) INTO v_automation_failures
  FROM public.automation_logs
  WHERE created_at > now() - interval '24 hours'
    AND status IN ('failed', 'error');

  IF v_automation_failures >= 10 THEN
    v_alerts := v_alerts || jsonb_build_object(
      'id', 'automation_failures',
      'severity', CASE WHEN v_automation_failures >= 50 THEN 'critical' ELSE 'warning' END,
      'title', 'Automações falhando',
      'description', v_automation_failures || ' automação(ões) falharam nas últimas 24h.',
      'count', v_automation_failures,
      'action_label', 'Ver logs',
      'action_route', '/admin/errors'
    );
  END IF;

  -- Support tickets open > 48h
  SELECT count(*) INTO v_open_tickets
  FROM public.support_tickets
  WHERE status IN ('open', 'pending', 'aberto', 'pendente')
    AND created_at < now() - interval '48 hours';

  IF v_open_tickets > 0 THEN
    v_alerts := v_alerts || jsonb_build_object(
      'id', 'stale_tickets',
      'severity', CASE WHEN v_open_tickets >= 5 THEN 'critical' ELSE 'warning' END,
      'title', 'Tickets sem resposta há mais de 48h',
      'description', v_open_tickets || ' ticket(s) de suporte parados.',
      'count', v_open_tickets,
      'action_label', 'Abrir suporte',
      'action_route', '/admin/support'
    );
  END IF;

  -- Low reviews last 7d
  SELECT count(*) INTO v_low_reviews
  FROM public.appointment_reviews
  WHERE created_at > now() - interval '7 days'
    AND rating IS NOT NULL
    AND rating <= 2;

  IF v_low_reviews >= 3 THEN
    v_alerts := v_alerts || jsonb_build_object(
      'id', 'low_reviews',
      'severity', 'warning',
      'title', 'Avaliações baixas na semana',
      'description', v_low_reviews || ' avaliação(ões) com 1-2 estrelas nos últimos 7 dias.',
      'count', v_low_reviews,
      'action_label', 'Ver relatórios',
      'action_route', '/admin/reports'
    );
  END IF;

  -- Paying tenants dormant 14+ days
  SELECT count(*) INTO v_dormant_paying
  FROM public.profiles p
  WHERE COALESCE(p.plan, 'free') NOT IN ('free', 'trial')
    AND NOT EXISTS (
      SELECT 1 FROM public.appointments a
      WHERE a.barbershop_id = p.id
        AND a.created_at > now() - interval '14 days'
    );

  IF v_dormant_paying > 0 THEN
    v_alerts := v_alerts || jsonb_build_object(
      'id', 'dormant_paying',
      'severity', CASE WHEN v_dormant_paying >= 3 THEN 'critical' ELSE 'warning' END,
      'title', 'Barbearias pagantes sem atividade',
      'description', v_dormant_paying || ' pagante(s) sem agendamentos há 14+ dias — risco de churn.',
      'count', v_dormant_paying,
      'action_label', 'Ver barbearias',
      'action_route', '/admin/tenants'
    );
  END IF;

  -- Open status incidents
  SELECT count(*) INTO v_incidents_open
  FROM public.status_incidents
  WHERE status NOT IN ('resolved', 'closed');

  IF v_incidents_open > 0 THEN
    v_alerts := v_alerts || jsonb_build_object(
      'id', 'open_incidents',
      'severity', 'critical',
      'title', 'Incidentes de status abertos',
      'description', v_incidents_open || ' incidente(s) na status page.',
      'count', v_incidents_open,
      'action_label', 'Ver status',
      'action_route', '/admin/status'
    );
  END IF;

  -- Recent Stripe subscription failures (past_due / unpaid)
  SELECT count(*) INTO v_stripe_recent_failures
  FROM public.subscriptions
  WHERE status IN ('past_due', 'unpaid', 'incomplete_expired')
    AND updated_at > now() - interval '7 days';

  IF v_stripe_recent_failures > 0 THEN
    v_alerts := v_alerts || jsonb_build_object(
      'id', 'stripe_dunning',
      'severity', CASE WHEN v_stripe_recent_failures >= 3 THEN 'critical' ELSE 'warning' END,
      'title', 'Assinaturas com pagamento pendente',
      'description', v_stripe_recent_failures || ' assinatura(s) em dunning (past_due/unpaid).',
      'count', v_stripe_recent_failures,
      'action_label', 'Ver assinaturas',
      'action_route', '/admin/subscriptions'
    );
  END IF;

  RETURN jsonb_build_object(
    'alerts', v_alerts,
    'total', jsonb_array_length(v_alerts),
    'critical_count', (
      SELECT count(*) FROM jsonb_array_elements(v_alerts) e
      WHERE e->>'severity' = 'critical'
    ),
    'generated_at', now()
  );
END;
$function$
";admin_anomaly_alerts;;plpgsql;false;UNSAFE;jsonb;"[""search_path=public""]";public;true;false;STABLE
;admin_executive_kpis();"CREATE OR REPLACE FUNCTION public.admin_executive_kpis()
 RETURNS jsonb
 LANGUAGE plpgsql
 SECURITY DEFINER
 SET search_path TO 'public'
AS $function$
DECLARE
  v_result jsonb;
  v_mrr numeric := 0;
  v_paying int := 0;
  v_total_tenants int := 0;
  v_new_7 int := 0;
  v_new_30 int := 0;
  v_active_30 int := 0;
  v_dormant_30 int := 0;
  v_churn_signal int := 0;
BEGIN
  IF NOT public.has_role(auth.uid(), 'super_admin') THEN
    RAISE EXCEPTION 'forbidden';
  END IF;

  SELECT COUNT(*) INTO v_total_tenants
  FROM public.profiles p
  WHERE public.has_role(p.id, 'tenant_admin');

  SELECT COUNT(*) INTO v_new_7
  FROM public.profiles p
  WHERE public.has_role(p.id, 'tenant_admin')
    AND p.created_at >= now() - interval '7 days';

  SELECT COUNT(*) INTO v_new_30
  FROM public.profiles p
  WHERE public.has_role(p.id, 'tenant_admin')
    AND p.created_at >= now() - interval '30 days';

  SELECT COALESCE(SUM(pl.price_monthly),0), COUNT(*)
    INTO v_mrr, v_paying
  FROM public.profiles p
  JOIN public.plans pl ON lower(pl.name) = lower(p.plan)
  WHERE public.has_role(p.id, 'tenant_admin')
    AND p.plan IS NOT NULL
    AND lower(p.plan) NOT IN ('free','starter');

  SELECT COUNT(DISTINCT a.tenant_id) INTO v_active_30
  FROM public.appointments a
  WHERE a.created_at >= now() - interval '30 days';

  v_dormant_30 := GREATEST(v_total_tenants - v_active_30, 0);

  -- Churn signal: tenants that had activity in previous 30d window but not in last 30d
  SELECT COUNT(*) INTO v_churn_signal
  FROM (
    SELECT tenant_id
    FROM public.appointments
    WHERE created_at >= now() - interval '60 days'
      AND created_at <  now() - interval '30 days'
    GROUP BY tenant_id
  ) prev
  WHERE prev.tenant_id NOT IN (
    SELECT tenant_id FROM public.appointments
    WHERE created_at >= now() - interval '30 days'
      AND tenant_id IS NOT NULL
  );

  v_result := jsonb_build_object(
    'mrr', v_mrr,
    'arr', v_mrr * 12,
    'arpu', CASE WHEN v_paying > 0 THEN round(v_mrr / v_paying, 2) ELSE 0 END,
    'ltv_estimate', CASE WHEN v_paying > 0 THEN round((v_mrr / v_paying) * 24, 2) ELSE 0 END,
    'paying_tenants', v_paying,
    'total_tenants', v_total_tenants,
    'new_signups_7d', v_new_7,
    'new_signups_30d', v_new_30,
    'active_tenants_30d', v_active_30,
    'dormant_tenants', v_dormant_30,
    'churn_signal_30d', v_churn_signal,
    'churn_rate_30d', CASE WHEN v_total_tenants > 0 THEN round((v_churn_signal::numeric / v_total_tenants) * 100, 2) ELSE 0 END
  );

  RETURN v_result;
END;
$function$
";admin_executive_kpis;;plpgsql;false;UNSAFE;jsonb;"[""search_path=public""]";public;true;false;VOLATILE
p_limit integer DEFAULT 50;admin_tenant_health(integer);"CREATE OR REPLACE FUNCTION public.admin_tenant_health(p_limit integer DEFAULT 50)
 RETURNS TABLE(tenant_id uuid, business_name text, plan text, created_at timestamp with time zone, appointments_30d bigint, last_appointment_at timestamp with time zone, days_since_activity integer, whatsapp_connected boolean, open_tickets bigint, health_score integer, risk_level text)
 LANGUAGE plpgsql
 SECURITY DEFINER
 SET search_path TO 'public'
AS $function$
BEGIN
  IF NOT public.has_role(auth.uid(), 'super_admin') THEN
    RAISE EXCEPTION 'forbidden';
  END IF;

  RETURN QUERY
  WITH tenants AS (
    SELECT p.id, p.business_name, p.plan, p.created_at
    FROM public.profiles p
    WHERE public.has_role(p.id, 'tenant_admin')
  ),
  appts AS (
    SELECT a.tenant_id,
           COUNT(*) FILTER (WHERE a.created_at >= now() - interval '30 days') AS a_30,
           MAX(a.created_at) AS last_at
    FROM public.appointments a
    GROUP BY a.tenant_id
  ),
  wa AS (
    SELECT w.tenant_id,
           bool_or(coalesce(w.connected, false) OR w.status = 'connected') AS is_connected
    FROM public.whatsapp_instances w
    GROUP BY w.tenant_id
  ),
  tickets AS (
    SELECT st.barbershop_id AS tenant_id, COUNT(*) AS n
    FROM public.support_tickets st
    WHERE st.status IN ('open','pending','in_progress')
    GROUP BY st.barbershop_id
  )
  SELECT
    t.id,
    t.business_name,
    t.plan,
    t.created_at,
    COALESCE(ap.a_30, 0) AS appointments_30d,
    ap.last_at,
    CASE WHEN ap.last_at IS NULL THEN NULL
         ELSE EXTRACT(day FROM now() - ap.last_at)::int
    END AS days_since_activity,
    COALESCE(wa.is_connected, false) AS whatsapp_connected,
    COALESCE(tk.n, 0) AS open_tickets,
    LEAST(100, GREATEST(0,
      -- appointments in last 30d (up to 40 pts)
      LEAST(40, COALESCE(ap.a_30, 0) * 2)::int
      -- WhatsApp connected (20 pts)
      + CASE WHEN COALESCE(wa.is_connected, false) THEN 20 ELSE 0 END
      -- Paid plan (20 pts)
      + CASE WHEN t.plan IS NOT NULL AND lower(t.plan) NOT IN ('free','starter') THEN 20 ELSE 5 END
      -- No open tickets (10 pts)
      + CASE WHEN COALESCE(tk.n, 0) = 0 THEN 10 ELSE 0 END
      -- Recent activity within 7d (10 pts)
      + CASE WHEN ap.last_at >= now() - interval '7 days' THEN 10
             WHEN ap.last_at >= now() - interval '30 days' THEN 5
             ELSE 0 END
    ))::int AS health_score,
    CASE
      WHEN COALESCE(ap.a_30, 0) = 0 THEN 'critical'
      WHEN ap.last_at < now() - interval '14 days' THEN 'at_risk'
      WHEN NOT COALESCE(wa.is_connected, false) THEN 'watch'
      ELSE 'healthy'
    END AS risk_level
  FROM tenants t
  LEFT JOIN appts ap ON ap.tenant_id = t.id
  LEFT JOIN wa   ON wa.tenant_id = t.id
  LEFT JOIN tickets tk ON tk.tenant_id = t.id
  ORDER BY health_score ASC, appointments_30d ASC
  LIMIT p_limit;
END;
$function$
";admin_tenant_health;p_limit integer;plpgsql;false;UNSAFE;TABLE(tenant_id uuid, business_name text, plan text, created_at timestamp with time zone, appointments_30d bigint, last_appointment_at timestamp with time zone, days_since_activity integer, whatsapp_connected boolean, open_tickets bigint, health_score integer, risk_level text);"[""search_path=public""]";public;true;false;VOLATILE
p_appointment_id uuid;assert_comanda_access(uuid);"CREATE OR REPLACE FUNCTION public.assert_comanda_access(p_appointment_id uuid)
 RETURNS uuid
 LANGUAGE plpgsql
 SECURITY DEFINER
 SET search_path TO 'public'
AS $function$
DECLARE
  v_tenant UUID;
  v_barber UUID;
  v_uid UUID := auth.uid();
BEGIN
  IF v_uid IS NULL THEN
    RAISE EXCEPTION 'not_authenticated';
  END IF;

  SELECT tenant_id, barber_id INTO v_tenant, v_barber
  FROM public.appointments WHERE id = p_appointment_id;

  IF v_tenant IS NULL THEN
    RAISE EXCEPTION 'appointment_not_found';
  END IF;

  -- Shop owner
  IF v_tenant = v_uid THEN
    RETURN v_tenant;
  END IF;

  -- Barber assigned to this appointment (barbers table)
  IF EXISTS (
    SELECT 1 FROM public.barbers b
    WHERE b.id = v_barber AND b.user_id = v_tenant
      AND (b.id = v_uid OR b.user_id = v_uid)
  ) THEN
    RETURN v_tenant;
  END IF;

  RAISE EXCEPTION 'forbidden';
END;
$function$
";assert_comanda_access;p_appointment_id uuid;plpgsql;false;UNSAFE;uuid;"[""search_path=public""]";public;true;false;VOLATILE
p_appointment_id uuid;calculate_commission_for_appointment(uuid);"CREATE OR REPLACE FUNCTION public.calculate_commission_for_appointment(p_appointment_id uuid)
 RETURNS void
 LANGUAGE plpgsql
 SECURITY DEFINER
 SET search_path TO 'public'
AS $function$
DECLARE
  v_appt RECORD;
  v_barber RECORD;
  v_base_mode text;
  v_base numeric(10,2);
  v_amount numeric(10,2) := 0;
  v_rate numeric(5,2) := 0;
  v_fixed numeric(10,2) := 0;
  v_bonus numeric(10,2) := 0;
  v_type text;
BEGIN
  SELECT * INTO v_appt FROM public.appointments WHERE id = p_appointment_id;
  IF NOT FOUND OR v_appt.status <> 'completed' OR v_appt.barber_id IS NULL THEN
    RETURN;
  END IF;

  SELECT * INTO v_barber FROM public.barbers WHERE id = v_appt.barber_id;
  IF NOT FOUND THEN RETURN; END IF;

  SELECT COALESCE(commission_base, 'gross') INTO v_base_mode
    FROM public.profiles WHERE id = v_appt.tenant_id;

  -- base de cálculo
  IF v_base_mode = 'net_cash' OR v_base_mode = 'custom' THEN
    v_base := GREATEST(0, COALESCE(v_appt.total_price,0)
                        - COALESCE(v_appt.credits_used, v_appt.credit_used, 0)
                        - COALESCE(v_appt.cashback_used, 0));
  ELSE
    v_base := COALESCE(v_appt.total_price, 0);
  END IF;

  v_type  := COALESCE(v_barber.commission_type, 'percentage');
  v_rate  := COALESCE(v_barber.commission_rate, 0);
  v_fixed := COALESCE(v_barber.commission_fixed_value, 0);
  v_bonus := COALESCE(v_barber.commission_bonus_value, 0);

  IF v_type = 'percentage' THEN
    v_amount := v_base * v_rate / 100.0;
  ELSIF v_type = 'fixed' THEN
    v_amount := v_fixed;
  ELSIF v_type = 'hybrid' THEN
    v_amount := (v_base * v_rate / 100.0) + v_bonus;
  END IF;

  IF v_amount <= 0 AND v_fixed = 0 THEN
    -- nada a registrar
    DELETE FROM public.commission_entries
      WHERE appointment_id = p_appointment_id AND status = 'pending';
    RETURN;
  END IF;

  INSERT INTO public.commission_entries (
    tenant_id, barber_id, appointment_id, customer_id,
    service_amount, commission_type, commission_rate, commission_fixed,
    commission_bonus, commission_amount, status, earned_at
  ) VALUES (
    v_appt.tenant_id, v_appt.barber_id, p_appointment_id, v_appt.customer_id,
    v_base, v_type, v_rate, v_fixed, v_bonus, v_amount,
    'pending', COALESCE(v_appt.completed_at, now())
  )
  ON CONFLICT (appointment_id) DO UPDATE SET
    service_amount = EXCLUDED.service_amount,
    commission_type = EXCLUDED.commission_type,
    commission_rate = EXCLUDED.commission_rate,
    commission_fixed = EXCLUDED.commission_fixed,
    commission_bonus = EXCLUDED.commission_bonus,
    commission_amount = CASE
      WHEN public.commission_entries.status = 'paid' THEN public.commission_entries.commission_amount
      ELSE EXCLUDED.commission_amount
    END,
    updated_at = now()
  WHERE public.commission_entries.status <> 'paid';
END;
$function$
";calculate_commission_for_appointment;p_appointment_id uuid;plpgsql;false;UNSAFE;void;"[""search_path=public""]";public;true;false;VOLATILE
attempts integer;calculate_next_retry(integer);"CREATE OR REPLACE FUNCTION public.calculate_next_retry(attempts integer)
 RETURNS timestamp with time zone
 LANGUAGE plpgsql
 SET search_path TO 'public'
AS $function$
DECLARE
    delay_minutes INTEGER;
BEGIN
    -- Backoff exponencial: 5, 15, 60, 240 minutos
    delay_minutes := CASE 
        WHEN attempts = 1 THEN 5
        WHEN attempts = 2 THEN 15
        WHEN attempts = 3 THEN 60
        WHEN attempts = 4 THEN 240
        ELSE 1440 -- 24h fallback
    END;
    
    RETURN now() + (delay_minutes || ' minutes')::interval;
END;
$function$
";calculate_next_retry;attempts integer;plpgsql;false;UNSAFE;timestamp with time zone;"[""search_path=public""]";public;false;false;VOLATILE
p_appointment_id uuid, p_cancelled_by text, p_source text, p_refund_preference text DEFAULT 'none'::text, p_changed_by_id uuid DEFAULT NULL::uuid;cancel_appointment(uuid,text,text,text,uuid);"CREATE OR REPLACE FUNCTION public.cancel_appointment(p_appointment_id uuid, p_cancelled_by text, p_source text, p_refund_preference text DEFAULT 'none'::text, p_changed_by_id uuid DEFAULT NULL::uuid)
 RETURNS jsonb
 LANGUAGE plpgsql
 SECURITY DEFINER
 SET search_path TO 'public'
AS $function$
DECLARE
    v_appt RECORD;
    v_customer_id UUID;
    v_tenant_id UUID;
    v_credits_to_return NUMERIC(10,2);
    v_cashback_to_return NUMERIC(10,2);
    v_pix_paid NUMERIC(10,2);
BEGIN
    -- 1. Carregar agendamento
    SELECT * FROM public.appointments WHERE id = p_appointment_id INTO v_appt;

    IF NOT FOUND THEN
        RETURN jsonb_build_object('success', false, 'error', 'Agendamento não encontrado');
    END IF;

    IF v_appt.status = 'cancelled' THEN
        RETURN jsonb_build_object('success', true, 'message', 'Agendamento já cancelado');
    END IF;

    v_customer_id := v_appt.customer_id;
    v_tenant_id := v_appt.tenant_id;
    v_credits_to_return := COALESCE(v_appt.credits_used, v_appt.credit_used, 0);
    v_cashback_to_return := COALESCE(v_appt.cashback_used, 0);
    v_pix_paid := COALESCE(v_appt.pix_amount, 0);

    -- 2. Devolução Automática de Créditos Usados
    IF v_credits_to_return > 0 THEN
        INSERT INTO public.credit_transactions (
            tenant_id, customer_id, appointment_id, amount, type, description
        ) VALUES (
            v_tenant_id, v_customer_id, p_appointment_id, v_credits_to_return, 'credit_refund', 'Devolução de crédito por cancelamento'
        );
    END IF;

    -- 3. Devolução Automática de Cashback Usado
    IF v_cashback_to_return > 0 THEN
        INSERT INTO public.cashback_transactions (
            tenant_id, customer_id, appointment_id, amount, type, description
        ) VALUES (
            v_tenant_id, v_customer_id, p_appointment_id, v_cashback_to_return, 'cashback_refund', 'Devolução de cashback por cancelamento'
        );
    END IF;

    -- 4. Tratar Valor Pago via PIX/Dinheiro/Cartão (v_pix_paid representa o valor real em caixa)
    IF v_pix_paid > 0 THEN
        IF p_refund_preference = 'credits' THEN
            -- Converter para crédito
            INSERT INTO public.credit_transactions (
                tenant_id, customer_id, appointment_id, amount, type, description
            ) VALUES (
                v_tenant_id, v_customer_id, p_appointment_id, v_pix_paid, 'credit_earned', 'Valor convertido de PIX por cancelamento'
            );
        ELSIF p_refund_preference = 'refund' THEN
            -- Criar solicitação de estorno
            INSERT INTO public.refund_requests (
                tenant_id, customer_id, appointment_id, amount, status, created_at
            ) VALUES (
                v_tenant_id, v_customer_id, p_appointment_id, v_pix_paid, 'requested', NOW()
            );
        END IF;
    END IF;

    -- 5. Atualizar Status do Agendamento
    UPDATE public.appointments
    SET status = 'cancelled',
        cancelled_at = NOW(),
        cancelled_by = p_cancelled_by,
        cancel_source = p_source,
        refund_preference = p_refund_preference,
        updated_at = NOW()
    WHERE id = p_appointment_id;

    -- 6. Cancelar Transação Financeira de Entrada (se existir)
    INSERT INTO public.transactions (
        user_id, tenant_id, appointment_id, barber_id, type, category, 
        amount, description, date
    ) VALUES (
        v_tenant_id, v_tenant_id, p_appointment_id, v_appt.barber_id, 'expense', 'Estorno',
        COALESCE(v_appt.total_price, 0), 'Cancelamento: ' || p_appointment_id, CURRENT_DATE
    );

    -- 7. Recalcular saldos
    PERFORM public.fn_recalculate_customer_balances(v_customer_id);

    RETURN jsonb_build_object('success', true, 'status_after', 'cancelled');
END;
$function$
";cancel_appointment;p_appointment_id uuid, p_cancelled_by text, p_source text, p_refund_preference text, p_changed_by_id uuid;plpgsql;false;UNSAFE;jsonb;"[""search_path=public""]";public;true;false;VOLATILE
token_val text;cancel_appointment_by_token(text);"CREATE OR REPLACE FUNCTION public.cancel_appointment_by_token(token_val text)
 RETURNS boolean
 LANGUAGE plpgsql
 SECURITY DEFINER
 SET search_path TO 'public'
AS $function$
DECLARE
    v_customer_id uuid;
    v_total_price numeric;
    v_items jsonb;
    v_payment_method text;
    v_payment_status text;
    v_appointment_id uuid;
    v_refund_amount numeric;
BEGIN
    -- Get appointment details
    SELECT id, customer_id, total_price, items, payment_method, payment_status
    INTO v_appointment_id, v_customer_id, v_total_price, v_items, v_payment_method, v_payment_status
    FROM public.appointments
    WHERE cancel_token = token_val AND status = 'scheduled'
    LIMIT 1;

    IF v_appointment_id IS NULL THEN
        RETURN FALSE;
    END IF;

    -- Update appointment status
    UPDATE public.appointments
    SET status = 'cancelled', updated_at = now()
    WHERE id = v_appointment_id;

    -- Handle credits if paid via PIX
    IF v_payment_method = 'pix' AND v_payment_status = 'paid' THEN
        -- Calculate refund amount from items if possible
        v_refund_amount := 0;
        IF v_items IS NOT NULL AND jsonb_array_length(v_items) > 0 THEN
            SELECT SUM((item->>'price')::numeric * COALESCE((item->>'quantity')::numeric, 1))
            INTO v_refund_amount
            FROM jsonb_array_elements(v_items) AS item;
        END IF;
        
        IF v_refund_amount IS NULL OR v_refund_amount = 0 THEN
            v_refund_amount := v_total_price;
        END IF;

        UPDATE public.customers
        SET credits = COALESCE(credits, 0) + v_refund_amount
        WHERE id = v_customer_id;
    END IF;

    RETURN TRUE;
END;
$function$
";cancel_appointment_by_token;token_val text;plpgsql;false;UNSAFE;boolean;"[""search_path=public""]";public;true;false;VOLATILE
p_subscription_id uuid, p_new_plan_id uuid, p_payment_method text DEFAULT NULL::text, p_apply_credit_to_wallet boolean DEFAULT true, p_notes text DEFAULT NULL::text;change_subscription_plan(uuid,uuid,text,boolean,text);"CREATE OR REPLACE FUNCTION public.change_subscription_plan(p_subscription_id uuid, p_new_plan_id uuid, p_payment_method text DEFAULT NULL::text, p_apply_credit_to_wallet boolean DEFAULT true, p_notes text DEFAULT NULL::text)
 RETURNS jsonb
 LANGUAGE plpgsql
 SECURITY DEFINER
 SET search_path TO 'public'
AS $function$
DECLARE
  v_sub RECORD;
  v_preview JSONB;
  v_invoice_id UUID;
  v_credit_id UUID;
  v_change_id UUID;
  v_net NUMERIC;
  v_credit NUMERIC;
  v_charge NUMERIC;
  v_change_type TEXT;
  v_payment_method TEXT;
BEGIN
  SELECT * INTO v_sub FROM public.customer_subscriptions WHERE id = p_subscription_id;
  IF NOT FOUND THEN RETURN jsonb_build_object('success', false, 'error', 'Assinatura não encontrada'); END IF;
  IF v_sub.status NOT IN ('active','pending_payment','past_due') THEN
    RETURN jsonb_build_object('success', false, 'error', 'Assinatura precisa estar ativa para trocar plano');
  END IF;

  v_preview := public.preview_subscription_plan_change(p_subscription_id, p_new_plan_id);
  IF (v_preview->>'success')::BOOLEAN IS NOT TRUE THEN RETURN v_preview; END IF;

  v_credit := (v_preview->>'proration_credit')::NUMERIC;
  v_charge := (v_preview->>'proration_charge')::NUMERIC;
  v_net := (v_preview->>'net_amount')::NUMERIC;
  v_change_type := v_preview->>'change_type';
  v_payment_method := COALESCE(p_payment_method, v_sub.payment_method, 'in_person');

  IF v_net > 0 THEN
    INSERT INTO public.subscription_invoices (
      tenant_id, subscription_id, customer_id, amount, status,
      payment_method, due_date
    ) VALUES (
      v_sub.tenant_id, v_sub.id, v_sub.customer_id, v_net, 'pending',
      v_payment_method, now()
    ) RETURNING id INTO v_invoice_id;
  ELSIF v_net < 0 AND p_apply_credit_to_wallet THEN
    INSERT INTO public.customer_credits (
      tenant_id, customer_id, amount, used_amount, status, credit_type, description
    ) VALUES (
      v_sub.tenant_id, v_sub.customer_id, ABS(v_net), 0, 'available',
      'subscription_downgrade', 'Crédito por downgrade de plano'
    ) RETURNING id INTO v_credit_id;
  END IF;

  UPDATE public.customer_subscriptions
  SET plan_id = p_new_plan_id, updated_at = now()
  WHERE id = p_subscription_id;

  INSERT INTO public.subscription_plan_changes (
    tenant_id, customer_id, subscription_id,
    old_plan_id, new_plan_id, old_price, new_price,
    days_remaining, days_in_cycle,
    proration_credit, proration_charge, net_amount,
    change_type, invoice_id, credit_transaction_id,
    changed_by, notes
  ) VALUES (
    v_sub.tenant_id, v_sub.customer_id, v_sub.id,
    (v_preview->>'old_plan_id')::UUID, p_new_plan_id,
    (v_preview->>'old_price')::NUMERIC, (v_preview->>'new_price')::NUMERIC,
    (v_preview->>'days_remaining')::INT, (v_preview->>'days_in_cycle')::INT,
    v_credit, v_charge, v_net,
    v_change_type, v_invoice_id, v_credit_id,
    auth.uid(), p_notes
  ) RETURNING id INTO v_change_id;

  RETURN jsonb_build_object(
    'success', true,
    'change_id', v_change_id,
    'invoice_id', v_invoice_id,
    'credit_id', v_credit_id,
    'net_amount', v_net,
    'change_type', v_change_type,
    'preview', v_preview
  );
END;
$function$
";change_subscription_plan;p_subscription_id uuid, p_new_plan_id uuid, p_payment_method text, p_apply_credit_to_wallet boolean, p_notes text;plpgsql;false;UNSAFE;jsonb;"[""search_path=public""]";public;true;false;VOLATILE
p_barber_id uuid, p_start timestamp with time zone, p_end timestamp with time zone, p_exclude_appointment_id uuid DEFAULT NULL::uuid, p_buffer_minutes integer DEFAULT NULL::integer;check_appointment_conflict(uuid,timestamp with time zone,timestamp with time zone,uuid,integer);"CREATE OR REPLACE FUNCTION public.check_appointment_conflict(p_barber_id uuid, p_start timestamp with time zone, p_end timestamp with time zone, p_exclude_appointment_id uuid DEFAULT NULL::uuid, p_buffer_minutes integer DEFAULT NULL::integer)
 RETURNS boolean
 LANGUAGE plpgsql
 STABLE SECURITY DEFINER
 SET search_path TO 'public'
AS $function$
DECLARE
  v_buffer integer;
  v_tenant uuid;
  v_start_eff timestamptz;
  v_end_eff timestamptz;
  v_conflict uuid;
BEGIN
  IF p_barber_id IS NULL OR p_start IS NULL OR p_end IS NULL THEN
    RETURN false;
  END IF;

  -- Descobre o buffer padrão do tenant do profissional se não informado
  IF p_buffer_minutes IS NULL THEN
    SELECT b.tenant_id INTO v_tenant FROM public.barbers b WHERE b.id = p_barber_id;
    IF v_tenant IS NOT NULL THEN
      SELECT COALESCE(pr.slot_buffer_minutes, 0) INTO v_buffer
      FROM public.profiles pr WHERE pr.id = v_tenant;
    END IF;
    v_buffer := COALESCE(v_buffer, 0);
  ELSE
    v_buffer := GREATEST(p_buffer_minutes, 0);
  END IF;

  v_start_eff := p_start - make_interval(mins => v_buffer);
  v_end_eff   := p_end   + make_interval(mins => v_buffer);

  SELECT a.id INTO v_conflict
  FROM public.appointments a
  WHERE a.barber_id = p_barber_id
    AND a.status NOT IN ('cancelled', 'no_show')
    AND (p_exclude_appointment_id IS NULL OR a.id <> p_exclude_appointment_id)
    AND tstzrange(a.start_time, a.end_time, '[)') && tstzrange(v_start_eff, v_end_eff, '[)')
  LIMIT 1;

  RETURN v_conflict IS NOT NULL;
END $function$
";check_appointment_conflict;p_barber_id uuid, p_start timestamp with time zone, p_end timestamp with time zone, p_exclude_appointment_id uuid, p_buffer_minutes integer;plpgsql;false;UNSAFE;boolean;"[""search_path=public""]";public;true;false;STABLE
p_appointment_id uuid;check_appointment_financial_status(uuid);"CREATE OR REPLACE FUNCTION public.check_appointment_financial_status(p_appointment_id uuid)
 RETURNS jsonb
 LANGUAGE plpgsql
 SECURITY DEFINER
 SET search_path TO 'public'
AS $function$
DECLARE
    v_appt RECORD;
    v_is_pix_paid BOOLEAN;
    v_pix_amount NUMERIC(10,2);
    v_credits_used NUMERIC(10,2);
    v_cashback_used NUMERIC(10,2);
BEGIN
    SELECT * INTO v_appt FROM public.appointments WHERE id = p_appointment_id;
    
    IF NOT FOUND THEN
        RETURN jsonb_build_object('error', 'Agendamento não encontrado');
    END IF;

    -- Lógica de detecção de Pix
    v_pix_amount := COALESCE(v_appt.pix_amount, 0);
    -- Se o valor pix estiver zerado mas o método for pix e estiver pago, o valor real é o preço total menos créditos/cashback
    IF v_pix_amount = 0 AND v_appt.payment_method ~* 'pix' AND v_appt.payment_status = 'paid' THEN
        v_pix_amount := v_appt.total_price - COALESCE(v_appt.credits_used, v_appt.credit_used, 0) - COALESCE(v_appt.cashback_used, 0);
        IF v_pix_amount < 0 THEN v_pix_amount := 0; END IF;
    END IF;

    v_is_pix_paid := (v_appt.payment_status = 'paid') AND (v_pix_amount > 0);
    
    -- Lógica de detecção de Créditos e Cashback
    v_credits_used := COALESCE(v_appt.credits_used, v_appt.credit_used, 0);
    v_cashback_used := COALESCE(v_appt.cashback_used, 0);

    RETURN jsonb_build_object(
        'has_paid_pix', v_is_pix_paid,
        'paid_pix_amount', v_pix_amount,
        'has_used_credits', (v_credits_used > 0),
        'used_credit_amount', v_credits_used,
        'has_used_cashback', (v_cashback_used > 0),
        'used_cashback_amount', v_cashback_used,
        'total_value', v_appt.total_price,
        'requires_financial_decision', (v_is_pix_paid OR v_credits_used > 0 OR v_cashback_used > 0)
    );
END;
$function$
";check_appointment_financial_status;p_appointment_id uuid;plpgsql;false;UNSAFE;jsonb;"[""search_path=public""]";public;true;false;VOLATILE
;check_expired_trials();"CREATE OR REPLACE FUNCTION public.check_expired_trials()
 RETURNS void
 LANGUAGE plpgsql
 SECURITY DEFINER
 SET search_path TO 'public'
AS $function$
BEGIN
    -- Se o trial expirou e não há assinatura ativa, o plano efetivo volta para free e status para 'blocked' (opcional)
    -- Aqui apenas definimos o plano efetivo. A lógica de bloqueio será no frontend/middleware.
    UPDATE public.profiles
    SET effective_plan = 'free'
    WHERE trial_end < now() 
      AND (plan = 'free' OR plan IS NULL)
      AND effective_plan != 'free';
      
    -- Se tem plano pago no profile mas o trial ainda está ativo, o effective_plan deve ser PRO (conforme regra do usuário)
    -- Mas a regra diz: ""Durante trial effective_plan = PRO mesmo que selected_plan = ELITE""
    -- E ""Após trial effective_plan = selected_plan""
    UPDATE public.profiles
    SET effective_plan = 'pro'
    WHERE trial_end > now() AND effective_plan != 'pro';
    
    UPDATE public.profiles
    SET effective_plan = plan
    WHERE trial_end <= now() AND effective_plan != plan AND plan != 'free';
END;
$function$
";check_expired_trials;;plpgsql;false;UNSAFE;void;"[""search_path=public""]";public;true;false;VOLATILE
_bucket text, _key text, _max integer, _window_seconds integer;check_rate_limit(text,text,integer,integer);"CREATE OR REPLACE FUNCTION public.check_rate_limit(_bucket text, _key text, _max integer, _window_seconds integer)
 RETURNS boolean
 LANGUAGE plpgsql
 SECURITY DEFINER
 SET search_path TO 'public'
AS $function$
DECLARE
  v_count INT;
BEGIN
  DELETE FROM public.rate_limit_hits WHERE hit_at < now() - INTERVAL '1 day';
  SELECT COUNT(*) INTO v_count FROM public.rate_limit_hits
    WHERE bucket = _bucket AND key = _key AND hit_at > now() - (_window_seconds || ' seconds')::INTERVAL;
  IF v_count >= _max THEN
    RETURN false;
  END IF;
  INSERT INTO public.rate_limit_hits (bucket, key) VALUES (_bucket, _key);
  RETURN true;
END;
$function$
";check_rate_limit;_bucket text, _key text, _max integer, _window_seconds integer;plpgsql;false;UNSAFE;boolean;"[""search_path=public""]";public;true;false;VOLATILE
p_customer_id uuid, p_service_id uuid, p_tenant_id uuid;check_subscription_eligibility(uuid,uuid,uuid);"CREATE OR REPLACE FUNCTION public.check_subscription_eligibility(p_customer_id uuid, p_service_id uuid, p_tenant_id uuid)
 RETURNS jsonb
 LANGUAGE plpgsql
 STABLE SECURITY DEFINER
 SET search_path TO 'public'
AS $function$
DECLARE
  v_sub RECORD;
  v_plan RECORD;
  v_service RECORD;
  v_mapping RECORD;
  v_global_used int := 0;
  v_service_used int := 0;
  v_service_price numeric(10,2) := 0;
  v_covered numeric(10,2) := 0;
  v_extra numeric(10,2) := 0;
  v_remaining int := NULL;
  v_reason text;
BEGIN
  SELECT * INTO v_service FROM public.services WHERE id = p_service_id;
  IF NOT FOUND THEN
    RETURN jsonb_build_object('has_active_subscription', false, 'reason', 'service_not_found');
  END IF;
  v_service_price := COALESCE(v_service.price, 0);

  SELECT cs.*, sp.name AS plan_name, sp.usage_type, sp.max_uses_per_month, sp.monthly_price
    INTO v_sub
  FROM public.customer_subscriptions cs
  JOIN public.subscription_plans sp ON sp.id = cs.plan_id
  WHERE cs.customer_id = p_customer_id
    AND cs.tenant_id = p_tenant_id
    AND cs.status = 'active'
  ORDER BY cs.started_at DESC
  LIMIT 1;

  IF NOT FOUND THEN
    RETURN jsonb_build_object(
      'has_active_subscription', false,
      'service_price', v_service_price,
      'reason', 'no_subscription'
    );
  END IF;

  SELECT * INTO v_plan FROM public.subscription_plans WHERE id = v_sub.plan_id;

  -- Service mapping
  SELECT * INTO v_mapping
  FROM public.subscription_plan_services
  WHERE plan_id = v_sub.plan_id AND service_id = p_service_id
  LIMIT 1;

  IF NOT FOUND THEN
    RETURN jsonb_build_object(
      'has_active_subscription', true,
      'subscription_id', v_sub.id,
      'plan_id', v_plan.id,
      'plan_name', v_plan.name,
      'next_billing_date', v_sub.next_billing_at,
      'service_included', false,
      'service_price', v_service_price,
      'covered_amount', 0,
      'extra_amount_to_pay', v_service_price,
      'requires_payment', true,
      'reason', 'not_included'
    );
  END IF;

  -- Global uses (plan-level)
  IF v_plan.usage_type = 'limited' AND v_plan.max_uses_per_month IS NOT NULL THEN
    SELECT COUNT(*) INTO v_global_used
    FROM public.subscription_usage_logs
    WHERE subscription_id = v_sub.id
      AND used_at >= v_sub.current_period_start
      AND used_at < v_sub.current_period_end;

    IF v_global_used >= v_plan.max_uses_per_month THEN
      RETURN jsonb_build_object(
        'has_active_subscription', true,
        'subscription_id', v_sub.id,
        'plan_id', v_plan.id,
        'plan_name', v_plan.name,
        'next_billing_date', v_sub.next_billing_at,
        'service_included', true,
        'service_price', v_service_price,
        'remaining_uses', 0,
        'covered_amount', 0,
        'extra_amount_to_pay', v_service_price,
        'requires_payment', true,
        'reason', 'no_uses_left'
      );
    END IF;
    v_remaining := v_plan.max_uses_per_month - v_global_used;
  END IF;

  -- Per-service uses
  IF v_mapping.max_uses_per_period IS NOT NULL THEN
    SELECT COUNT(*) INTO v_service_used
    FROM public.subscription_usage_logs
    WHERE subscription_id = v_sub.id
      AND service_id = p_service_id
      AND used_at >= v_sub.current_period_start
      AND used_at < v_sub.current_period_end;

    IF v_service_used >= v_mapping.max_uses_per_period THEN
      RETURN jsonb_build_object(
        'has_active_subscription', true,
        'subscription_id', v_sub.id,
        'plan_id', v_plan.id,
        'plan_name', v_plan.name,
        'next_billing_date', v_sub.next_billing_at,
        'service_included', true,
        'service_price', v_service_price,
        'remaining_uses', 0,
        'covered_amount', 0,
        'extra_amount_to_pay', v_service_price,
        'requires_payment', true,
        'reason', 'no_uses_left'
      );
    END IF;
    v_remaining := LEAST(
      COALESCE(v_remaining, 999999),
      v_mapping.max_uses_per_period - v_service_used
    );
  END IF;

  -- Covered: full price (até o valor do serviço)
  v_covered := v_service_price;
  v_extra := 0;
  v_reason := 'full_coverage';

  RETURN jsonb_build_object(
    'has_active_subscription', true,
    'subscription_id', v_sub.id,
    'plan_id', v_plan.id,
    'plan_name', v_plan.name,
    'next_billing_date', v_sub.next_billing_at,
    'service_included', true,
    'service_price', v_service_price,
    'remaining_uses', v_remaining,
    'covered_amount', v_covered,
    'extra_amount_to_pay', v_extra,
    'requires_payment', false,
    'reason', v_reason
  );
END;
$function$
";check_subscription_eligibility;p_customer_id uuid, p_service_id uuid, p_tenant_id uuid;plpgsql;false;UNSAFE;jsonb;"[""search_path=public""]";public;true;false;STABLE
p_professional_id uuid, p_starts_at timestamp with time zone, p_ends_at timestamp with time zone;check_time_off_conflicts(uuid,timestamp with time zone,timestamp with time zone);"CREATE OR REPLACE FUNCTION public.check_time_off_conflicts(p_professional_id uuid, p_starts_at timestamp with time zone, p_ends_at timestamp with time zone)
 RETURNS TABLE(appointment_id uuid, customer_name text, service_name text, start_time timestamp with time zone, end_time timestamp with time zone, status text)
 LANGUAGE sql
 STABLE SECURITY DEFINER
 SET search_path TO 'public'
AS $function$
    SELECT 
        a.id as appointment_id,
        c.name as customer_name,
        s.name as service_name,
        a.start_time,
        a.end_time,
        a.status
    FROM public.appointments a
    LEFT JOIN public.customers c ON a.customer_id = c.id
    LEFT JOIN public.services s ON a.service_id = s.id
    WHERE a.barber_id = p_professional_id
      AND a.status NOT IN ('cancelled', 'no_show')
      AND a.start_time < p_ends_at
      AND a.end_time > p_starts_at;
$function$
";check_time_off_conflicts;p_professional_id uuid, p_starts_at timestamp with time zone, p_ends_at timestamp with time zone;sql;false;UNSAFE;TABLE(appointment_id uuid, customer_name text, service_name text, start_time timestamp with time zone, end_time timestamp with time zone, status text);"[""search_path=public""]";public;true;false;STABLE
p_tenant_id uuid;claim_customer_profile(uuid);"CREATE OR REPLACE FUNCTION public.claim_customer_profile(p_tenant_id uuid)
 RETURNS jsonb
 LANGUAGE plpgsql
 SECURITY DEFINER
 SET search_path TO ''
AS $function$
DECLARE
    v_user_id UUID;
    v_customer_id UUID;
    v_phone TEXT;
    v_email_confirmed BOOLEAN;
BEGIN
    -- Get current user ID
    v_user_id := (SELECT auth.uid());
    
    IF v_user_id IS NULL THEN
        RAISE EXCEPTION 'Not authenticated';
    END IF;

    -- Validate user
    SELECT (email_confirmed_at IS NOT NULL), phone
    INTO v_email_confirmed, v_phone
    FROM auth.users
    WHERE id = v_user_id;

    -- Find customer by phone in the specific tenant
    SELECT id INTO v_customer_id
    FROM public.customers
    WHERE tenant_id = p_tenant_id
      AND (
          phone = v_phone 
          OR phone = REPLACE(REPLACE(REPLACE(REPLACE(v_phone, ' ', ''), '-', ''), '(', ''), ')', '')
      )
    LIMIT 1;

    IF v_customer_id IS NULL THEN
        RETURN jsonb_build_object('success', false, 'message', 'Customer profile not found');
    END IF;

    -- Check if already claimed
    IF EXISTS (
        SELECT 1 FROM public.customers 
        WHERE id = v_customer_id AND auth_user_id IS NOT NULL AND auth_user_id != v_user_id
    ) THEN
        RAISE EXCEPTION 'Profile already linked to another account';
    END IF;

    -- Update
    UPDATE public.customers
    SET auth_user_id = v_user_id,
        updated_at = NOW()
    WHERE id = v_customer_id;

    RETURN jsonb_build_object(
        'success', true, 
        'customer_id', v_customer_id
    );
END;
$function$
";claim_customer_profile;p_tenant_id uuid;plpgsql;false;UNSAFE;jsonb;"[""search_path=\""\""""]";public;true;false;VOLATILE
p_barber_id uuid, p_email text, p_max_attempts integer DEFAULT 5;claim_staff_verification_challenge(uuid,text,integer);"CREATE OR REPLACE FUNCTION public.claim_staff_verification_challenge(p_barber_id uuid, p_email text, p_max_attempts integer DEFAULT 5)
 RETURNS TABLE(claimed boolean, challenge_id uuid)
 LANGUAGE plpgsql
 SECURITY DEFINER
 SET search_path TO 'public'
AS $function$
DECLARE
  v_id uuid;
BEGIN
  UPDATE public.verification_challenges
  SET consumed_at = now()
  WHERE id = (
    SELECT id
    FROM public.verification_challenges
    WHERE barber_id = p_barber_id
      AND email = p_email
      AND purpose = 'staff_email_verification'
      AND verified_at IS NOT NULL
      AND consumed_at IS NULL
      AND expires_at > now()
      AND attempts < p_max_attempts
    ORDER BY verified_at DESC
    LIMIT 1
    FOR UPDATE
  )
  RETURNING id INTO v_id;

  IF NOT FOUND THEN
    RETURN QUERY
    SELECT false, NULL::uuid;
  ELSE
    RETURN QUERY
    SELECT true, v_id;
  END IF;
END;
$function$
";claim_staff_verification_challenge;p_barber_id uuid, p_email text, p_max_attempts integer;plpgsql;false;UNSAFE;TABLE(claimed boolean, challenge_id uuid);"[""search_path=public""]";public;true;false;VOLATILE
p_tenant_id uuid;cleanup_invalid_cashback(uuid);"CREATE OR REPLACE FUNCTION public.cleanup_invalid_cashback(p_tenant_id uuid)
 RETURNS jsonb
 LANGUAGE plpgsql
 SECURITY DEFINER
 SET search_path TO 'public'
AS $function$
DECLARE
  v_enabled boolean;
  v_removed int := 0;
  v_balance_fix int := 0;
BEGIN
  SELECT COALESCE(cashback_enabled, false) INTO v_enabled FROM public.profiles WHERE id = p_tenant_id;
  IF v_enabled THEN
    RETURN jsonb_build_object('success', false, 'reason', 'cashback_enabled');
  END IF;

  WITH del AS (
    DELETE FROM public.cashback_transactions
     WHERE tenant_id = p_tenant_id AND type = 'earned'
     RETURNING customer_id, amount
  ),
  rebal AS (
    SELECT customer_id, SUM(amount) AS total FROM del GROUP BY customer_id
  ),
  upd AS (
    UPDATE public.customers c
       SET cashback_balance = GREATEST(0, COALESCE(c.cashback_balance,0) - r.total),
           updated_at = now()
      FROM rebal r
     WHERE c.id = r.customer_id
     RETURNING c.id
  )
  SELECT (SELECT count(*) FROM del), (SELECT count(*) FROM upd) INTO v_removed, v_balance_fix;

  UPDATE public.appointments
     SET cashback_earned = 0
   WHERE tenant_id = p_tenant_id AND COALESCE(cashback_earned,0) > 0;

  RETURN jsonb_build_object('success', true, 'removed', v_removed, 'customers_updated', v_balance_fix);
END;
$function$
";cleanup_invalid_cashback;p_tenant_id uuid;plpgsql;false;UNSAFE;jsonb;"[""search_path=public""]";public;true;false;VOLATILE
p_tenant_id uuid;clear_barbershop_financial_data(uuid);"CREATE OR REPLACE FUNCTION public.clear_barbershop_financial_data(p_tenant_id uuid)
 RETURNS jsonb
 LANGUAGE plpgsql
 SECURITY DEFINER
 SET search_path TO 'public'
AS $function$
DECLARE
    v_customer_record RECORD;
    v_count_appts INTEGER;
BEGIN
    -- Verificar permissão (apenas o próprio tenant ou super_admin)
    -- Em uma implementação real, checaríamos auth.uid()
    
    -- Contar agendamentos antes
    SELECT count(*) INTO v_count_appts FROM public.appointments WHERE tenant_id = p_tenant_id;

    -- Delete activity data (Ordem importa para chaves estrangeiras)
    DELETE FROM public.appointment_status_logs WHERE appointment_id IN (SELECT id FROM public.appointments WHERE tenant_id = p_tenant_id);
    DELETE FROM public.refund_requests WHERE tenant_id = p_tenant_id;
    DELETE FROM public.cashback_transactions WHERE tenant_id = p_tenant_id;
    DELETE FROM public.credit_transactions WHERE tenant_id = p_tenant_id;
    DELETE FROM public.transactions WHERE tenant_id = p_tenant_id;
    DELETE FROM public.product_sales WHERE tenant_id = p_tenant_id;
    DELETE FROM public.appointments WHERE tenant_id = p_tenant_id;
    DELETE FROM public.financial_adjustment_logs WHERE tenant_id = p_tenant_id;
    
    -- Recalculate balances for all customers of this tenant
    FOR v_customer_record IN SELECT id FROM public.customers WHERE tenant_id = p_tenant_id LOOP
        PERFORM public.fn_recalculate_customer_balances(v_customer_record.id);
        
        -- Também zerar campos legados se houver
        UPDATE public.customers 
        SET 
            credits = 0, 
            cashback_balance = 0, 
            loyalty_points = 0,
            total_spent = 0,
            appointments_count = 0
        WHERE id = v_customer_record.id;
    END LOOP;
    
    -- Zerar saldo da carteira (wallet) se existir
    UPDATE public.wallet SET balance = 0 WHERE user_id = p_tenant_id;

    RETURN jsonb_build_object(
        'success', true, 
        'message', 'Dados financeiros limpos com sucesso',
        'appointments_removed', v_count_appts
    );
END;
$function$
";clear_barbershop_financial_data;p_tenant_id uuid;plpgsql;false;UNSAFE;jsonb;"[""search_path=public""]";public;true;false;VOLATILE
p_tenant_id uuid;clear_barbershop_test_data(uuid);"CREATE OR REPLACE FUNCTION public.clear_barbershop_test_data(p_tenant_id uuid)
 RETURNS jsonb
 LANGUAGE plpgsql
 SECURITY DEFINER
 SET search_path TO 'public'
AS $function$
DECLARE
  v_caller uuid := auth.uid();
  v_is_admin boolean := false;
  v_appt_ids uuid[];
  v_cust_ids uuid[];
  v_wallet_ids uuid[];
BEGIN
  IF v_caller IS NULL THEN RAISE EXCEPTION 'Não autenticado'; END IF;
  BEGIN
    SELECT public.has_role(v_caller, 'admin'::app_role) INTO v_is_admin;
  EXCEPTION WHEN OTHERS THEN v_is_admin := false;
  END;
  IF v_caller <> p_tenant_id AND NOT v_is_admin THEN
    RAISE EXCEPTION 'Sem permissão para limpar dados deste tenant';
  END IF;

  SELECT array_agg(id) INTO v_appt_ids FROM public.appointments WHERE user_id = p_tenant_id OR tenant_id = p_tenant_id;
  SELECT array_agg(id) INTO v_cust_ids FROM public.customers WHERE tenant_id = p_tenant_id;
  SELECT array_agg(id) INTO v_wallet_ids FROM public.wallet WHERE customer_id = ANY(COALESCE(v_cust_ids, ARRAY[]::uuid[]));

  IF v_appt_ids IS NOT NULL THEN
    DELETE FROM public.automation_logs           WHERE appointment_id = ANY(v_appt_ids);
    DELETE FROM public.automation_conversations  WHERE appointment_id = ANY(v_appt_ids);
    DELETE FROM public.automation_cron_runs      WHERE appointment_id = ANY(v_appt_ids);
    DELETE FROM public.automation_webhook_logs   WHERE appointment_id = ANY(v_appt_ids);
    DELETE FROM public.automation_v2_dispatches  WHERE appointment_id = ANY(v_appt_ids);
    DELETE FROM public.automation_v2_sessions    WHERE appointment_id = ANY(v_appt_ids);
    DELETE FROM public.automation_v2_logs        WHERE appointment_id = ANY(v_appt_ids);
    DELETE FROM public.automation_queue          WHERE appointment_id = ANY(v_appt_ids);
    DELETE FROM public.automation_dispatches     WHERE appointment_id = ANY(v_appt_ids);
    DELETE FROM public.automation_send_history   WHERE appointment_id = ANY(v_appt_ids);
    DELETE FROM public.whatsapp_conversations    WHERE appointment_id = ANY(v_appt_ids);
    DELETE FROM public.whatsapp_delivery_logs    WHERE appointment_id = ANY(v_appt_ids);
    DELETE FROM public.service_ratings           WHERE appointment_id = ANY(v_appt_ids);
    DELETE FROM public.wallet_transactions       WHERE appointment_id = ANY(v_appt_ids);
    DELETE FROM public.transactions              WHERE appointment_id = ANY(v_appt_ids);
    DELETE FROM public.credit_transactions       WHERE appointment_id = ANY(v_appt_ids);
    DELETE FROM public.customer_credits          WHERE appointment_id = ANY(v_appt_ids);
    DELETE FROM public.cashback_transactions     WHERE appointment_id = ANY(v_appt_ids);
    DELETE FROM public.refund_audits             WHERE refund_id IN (SELECT id FROM public.refund_requests WHERE appointment_id = ANY(v_appt_ids));
    DELETE FROM public.refund_requests           WHERE appointment_id = ANY(v_appt_ids);
    DELETE FROM public.financial_adjustment_logs WHERE appointment_id = ANY(v_appt_ids);
    DELETE FROM public.appointment_status_logs   WHERE appointment_id = ANY(v_appt_ids);
    DELETE FROM public.appointment_reviews       WHERE appointment_id = ANY(v_appt_ids);
    DELETE FROM public.subscription_usage_logs   WHERE appointment_id = ANY(v_appt_ids);
    UPDATE public.appointments SET rescheduled_from_id = NULL WHERE rescheduled_from_id = ANY(v_appt_ids);
  END IF;

  DELETE FROM public.appointment_reviews       WHERE tenant_id = p_tenant_id;
  DELETE FROM public.subscription_usage_logs   WHERE tenant_id = p_tenant_id;
  DELETE FROM public.appointment_groups        WHERE tenant_id = p_tenant_id;
  DELETE FROM public.automation_queue          WHERE tenant_id = p_tenant_id;
  DELETE FROM public.automation_dispatches     WHERE tenant_id = p_tenant_id;
  DELETE FROM public.automation_send_history   WHERE tenant_id = p_tenant_id;
  DELETE FROM public.automation_v2_dispatches  WHERE tenant_id = p_tenant_id;
  DELETE FROM public.automation_v2_sessions    WHERE tenant_id = p_tenant_id;
  DELETE FROM public.automation_v2_logs        WHERE tenant_id = p_tenant_id;
  DELETE FROM public.automation_conversations  WHERE tenant_id = p_tenant_id;
  DELETE FROM public.zapi_webhook_debug        WHERE tenant_id = p_tenant_id;
  DELETE FROM public.financial_adjustment_logs WHERE tenant_id = p_tenant_id;

  DELETE FROM public.appointments WHERE user_id = p_tenant_id OR tenant_id = p_tenant_id;

  DELETE FROM public.transactions   WHERE tenant_id = p_tenant_id OR user_id = p_tenant_id;
  DELETE FROM public.refund_audits  WHERE tenant_id = p_tenant_id;
  DELETE FROM public.refund_requests WHERE tenant_id = p_tenant_id;
  DELETE FROM public.product_sales  WHERE tenant_id = p_tenant_id;

  IF v_cust_ids IS NOT NULL THEN
    DELETE FROM public.credit_transactions   WHERE customer_id = ANY(v_cust_ids);
    DELETE FROM public.customer_credits      WHERE customer_id = ANY(v_cust_ids);
    DELETE FROM public.cashback_transactions WHERE customer_id = ANY(v_cust_ids);
    DELETE FROM public.loyalty_rewards       WHERE customer_id = ANY(v_cust_ids);
    DELETE FROM public.subscription_loyalty_history WHERE customer_id = ANY(v_cust_ids);
  END IF;
  IF v_wallet_ids IS NOT NULL THEN
    DELETE FROM public.wallet_transactions WHERE wallet_id = ANY(v_wallet_ids);
    UPDATE public.wallet SET balance = 0 WHERE id = ANY(v_wallet_ids);
  END IF;

  DELETE FROM public.loyalty_campaign_participations
    WHERE campaign_id IN (SELECT id FROM public.loyalty_campaigns WHERE tenant_id = p_tenant_id);
  DELETE FROM public.subscription_loyalty_history WHERE tenant_id = p_tenant_id;
  DELETE FROM public.subscription_loyalty_rewards WHERE tenant_id = p_tenant_id;

  DELETE FROM public.commission_entries  WHERE tenant_id = p_tenant_id;
  DELETE FROM public.commission_closings WHERE tenant_id = p_tenant_id;
  DELETE FROM public.barber_commissions  WHERE tenant_id = p_tenant_id;

  UPDATE public.customers
     SET credits = 0, credit_balance = 0, credits_used = 0,
         cashback_balance = 0, cashback_used = 0,
         loyalty_points = 0, total_spent = 0, lifetime_value = 0,
         last_visit = NULL
   WHERE tenant_id = p_tenant_id;

  UPDATE public.customer_subscriptions SET uses_this_period = 0 WHERE tenant_id = p_tenant_id;

  RETURN jsonb_build_object('success', true, 'tenant_id', p_tenant_id, 'cleared_at', now());
END;
$function$
";clear_barbershop_test_data;p_tenant_id uuid;plpgsql;false;UNSAFE;jsonb;"[""search_path=public""]";public;true;false;VOLATILE
p_appointment_id uuid, p_changed_by_type text DEFAULT 'system'::text, p_changed_by_id uuid DEFAULT NULL::uuid, p_source text DEFAULT 'rpc'::text, p_metadata jsonb DEFAULT '{}'::jsonb;complete_appointment(uuid,text,uuid,text,jsonb);"CREATE OR REPLACE FUNCTION public.complete_appointment(p_appointment_id uuid, p_changed_by_type text DEFAULT 'system'::text, p_changed_by_id uuid DEFAULT NULL::uuid, p_source text DEFAULT 'rpc'::text, p_metadata jsonb DEFAULT '{}'::jsonb)
 RETURNS jsonb
 LANGUAGE plpgsql
 SECURITY DEFINER
 SET search_path TO 'public'
AS $function$
DECLARE
    v_appt RECORD;
    v_tenant RECORD;
    v_credit_used NUMERIC(10,2);
    v_cashback_used NUMERIC(10,2);
    v_pix_amount NUMERIC(10,2);
    v_cash_amount NUMERIC(10,2);
    v_card_amount NUMERIC(10,2);
    v_final_amount NUMERIC(10,2);
    v_total_price NUMERIC(10,2);
    v_sub_covered NUMERIC(10,2);
    v_extra_amount NUMERIC(10,2);
    v_cashbackable_base NUMERIC(10,2);
    v_cashback_earned NUMERIC(10,2) := 0;
    v_cashback_percentage NUMERIC;
    v_cashback_enabled BOOLEAN := false;
    v_existing_trans BOOLEAN;
    v_status_before TEXT;
    v_description TEXT;
    v_cashback_tx_id UUID;
    v_cashback_skipped BOOLEAN := false;
    v_cashback_blocked_by_subscription BOOLEAN := false;
    v_cashback_blocked_by_module BOOLEAN := false;
    v_payment_method TEXT;
    v_payment_status TEXT;
    v_income_amount NUMERIC(10,2);
    v_fully_covered BOOLEAN;
    v_commission_result jsonb;
BEGIN
    SELECT a.*, c.name as customer_name, s.name as service_name
    FROM public.appointments a
    LEFT JOIN public.customers c ON c.id = a.customer_id
    LEFT JOIN public.services s ON s.id = a.service_id
    WHERE a.id = p_appointment_id INTO v_appt;

    IF NOT FOUND THEN
      RETURN jsonb_build_object('success', false, 'error', 'appointment_not_found');
    END IF;

    v_status_before := v_appt.status;
    IF v_appt.status = 'completed' THEN
      v_commission_result := public.create_barber_commission_for_appointment(p_appointment_id);
      RETURN jsonb_build_object('success', true, 'already', true, 'commission', v_commission_result);
    END IF;

    SELECT * FROM public.profiles WHERE id = v_appt.tenant_id INTO v_tenant;

    v_total_price := COALESCE(v_appt.total_price, 0);
    v_sub_covered := COALESCE(v_appt.subscription_covered_amount, 0);
    v_extra_amount := GREATEST(0, v_total_price - v_sub_covered);
    v_fully_covered := (v_sub_covered >= v_total_price AND v_total_price > 0);

    v_credit_used := COALESCE((p_metadata->>'credit_used')::numeric, v_appt.credit_used, 0);
    v_cashback_used := COALESCE((p_metadata->>'cashback_used')::numeric, v_appt.cashback_used, 0);
    v_pix_amount := COALESCE((p_metadata->>'pix_amount')::numeric, 0);
    v_cash_amount := COALESCE((p_metadata->>'cash_amount')::numeric, 0);
    v_card_amount := COALESCE((p_metadata->>'card_amount')::numeric, 0);

    IF v_fully_covered THEN
        v_final_amount := 0;
    ELSE
        v_final_amount := GREATEST(0, v_extra_amount - v_credit_used - v_cashback_used);
    END IF;

    IF v_fully_covered THEN
        v_payment_method := 'subscription';
        v_payment_status := 'covered_by_subscription';
    ELSE
        v_payment_method := COALESCE(p_metadata->>'payment_method', v_appt.payment_method, 'pix');
        v_payment_status := COALESCE(v_appt.payment_status, 'paid');
    END IF;

    v_cashback_enabled := COALESCE(v_tenant.cashback_enabled, false);
    v_cashback_percentage := COALESCE(v_tenant.cashback_percentage, 0);
    v_cashbackable_base := v_extra_amount;

    IF NOT v_cashback_enabled THEN
        v_cashback_blocked_by_module := true;
        v_cashback_earned := 0;
    ELSIF v_fully_covered THEN
        v_cashback_blocked_by_subscription := true;
        v_cashback_earned := 0;
    ELSIF v_cashback_percentage > 0 AND v_cashbackable_base > 0 THEN
        v_cashback_earned := (v_cashbackable_base * v_cashback_percentage) / 100;
        IF v_sub_covered > 0 THEN
            v_cashback_blocked_by_subscription := true;
        END IF;
    END IF;

    SELECT EXISTS (SELECT 1 FROM public.transactions WHERE appointment_id = p_appointment_id) INTO v_existing_trans;
    v_income_amount := v_extra_amount;

    IF NOT v_existing_trans AND v_income_amount > 0 THEN
        v_description := 'Atendimento: ' || COALESCE(v_appt.service_name, 'Serviço') || ' - ' || COALESCE(v_appt.customer_name, 'Cliente')
            || CASE WHEN v_sub_covered > 0 THEN ' (diferença assinatura)' ELSE '' END;

        INSERT INTO public.transactions (
            user_id, tenant_id, appointment_id, barber_id, type, category,
            amount, pix_amount, cash_amount, credit_card_amount,
            credits_amount, cashback_amount, payment_method,
            description, date, payment_breakdown
        ) VALUES (
            v_appt.tenant_id, v_appt.tenant_id, p_appointment_id, v_appt.barber_id, 'income', 'Serviço',
            v_income_amount, v_pix_amount, v_cash_amount, v_card_amount,
            v_credit_used, v_cashback_used, v_payment_method,
            v_description, CURRENT_DATE,
            jsonb_build_object(
                'pix', v_pix_amount, 'cash', v_cash_amount, 'card', v_card_amount,
                'credits', v_credit_used, 'cashback', v_cashback_used,
                'subscription_covered', v_sub_covered,
                'total_price', v_total_price, 'extra_amount', v_extra_amount
            )
        );
    END IF;

    IF v_cashback_earned > 0 THEN
        SELECT id FROM public.cashback_transactions
        WHERE appointment_id = p_appointment_id INTO v_cashback_tx_id;

        IF v_cashback_tx_id IS NULL THEN
            INSERT INTO public.cashback_transactions (
                customer_id, tenant_id, appointment_id, amount, base_amount, type, description
            ) VALUES (
                v_appt.customer_id, v_appt.tenant_id, p_appointment_id, v_cashback_earned, v_cashbackable_base, 'earned',
                'Cashback: ' || COALESCE(v_appt.service_name, 'Serviço') ||
                CASE WHEN v_sub_covered > 0 THEN ' (apenas valor extra)' ELSE '' END
            ) RETURNING id INTO v_cashback_tx_id;

            UPDATE public.customers
            SET cashback_balance = COALESCE(cashback_balance, 0) + v_cashback_earned,
                updated_at = now()
            WHERE id = v_appt.customer_id;
        END IF;
    ELSE
        v_cashback_skipped := true;
    END IF;

    IF v_appt.subscription_id IS NOT NULL AND v_sub_covered > 0 THEN
        UPDATE public.subscription_usage_logs
        SET status = 'consumed',
            used_at = COALESCE(used_at, now())
        WHERE appointment_id = p_appointment_id
          AND (status IS NULL OR status NOT IN ('consumed','refunded'));
    END IF;

    UPDATE public.appointments
    SET status = 'completed',
        completed_at = now(),
        updated_at = now(),
        cashback_earned = v_cashback_earned,
        payment_method = v_payment_method,
        payment_status = v_payment_status,
        credit_used = v_credit_used,
        cashback_used = v_cashback_used
    WHERE id = p_appointment_id;

    v_commission_result := public.create_barber_commission_for_appointment(p_appointment_id);

    BEGIN
      INSERT INTO public.appointment_status_logs(
        appointment_id, tenant_id, status_before, status_after,
        changed_by_type, changed_by_id, source, metadata
      ) VALUES (
        p_appointment_id, v_appt.tenant_id, v_status_before, 'completed',
        p_changed_by_type, p_changed_by_id, p_source,
        COALESCE(p_metadata, '{}'::jsonb) || jsonb_build_object(
          'cashback_earned', v_cashback_earned,
          'cashback_tx_id', v_cashback_tx_id,
          'cashback_blocked_by_subscription', v_cashback_blocked_by_subscription,
          'cashback_blocked_by_module', v_cashback_blocked_by_module,
          'extra_amount', v_extra_amount,
          'subscription_covered', v_sub_covered,
          'barber_commission', v_commission_result
        )
      );
    EXCEPTION WHEN OTHERS THEN
      NULL;
    END;

    RETURN jsonb_build_object(
      'success', true,
      'appointment_id', p_appointment_id,
      'cashback_earned', v_cashback_earned,
      'cashback_skipped', v_cashback_skipped,
      'cashback_blocked_by_subscription', v_cashback_blocked_by_subscription,
      'cashback_blocked_by_module', v_cashback_blocked_by_module,
      'commission', v_commission_result
    );
END;
$function$
";complete_appointment;p_appointment_id uuid, p_changed_by_type text, p_changed_by_id uuid, p_source text, p_metadata jsonb;plpgsql;false;UNSAFE;jsonb;"[""search_path=public""]";public;true;false;VOLATILE
;confirm_referral_on_activation();"CREATE OR REPLACE FUNCTION public.confirm_referral_on_activation()
 RETURNS trigger
 LANGUAGE plpgsql
 SECURITY DEFINER
 SET search_path TO 'public'
AS $function$
DECLARE
  v_ref RECORD;
BEGIN
  IF NEW.status = 'active' AND (OLD.status IS DISTINCT FROM 'active') THEN
    SELECT * INTO v_ref FROM public.subscription_referrals
      WHERE subscription_id = NEW.id AND status = 'pending' AND reward_granted = false
      LIMIT 1;
    IF FOUND THEN
      PERFORM public.grant_subscription_referral_reward(v_ref.id);
    END IF;
  END IF;
  RETURN NEW;
END;
$function$
";confirm_referral_on_activation;;plpgsql;false;UNSAFE;trigger;"[""search_path=public""]";public;true;false;VOLATILE
p_appointment_id uuid, p_subscription_id uuid, p_service_id uuid, p_covered_amount numeric, p_extra_amount numeric;consume_subscription_benefit(uuid,uuid,uuid,numeric,numeric);"CREATE OR REPLACE FUNCTION public.consume_subscription_benefit(p_appointment_id uuid, p_subscription_id uuid, p_service_id uuid, p_covered_amount numeric, p_extra_amount numeric)
 RETURNS jsonb
 LANGUAGE plpgsql
 SECURITY DEFINER
 SET search_path TO 'public'
AS $function$
DECLARE
  v_sub RECORD;
BEGIN
  SELECT * INTO v_sub FROM public.customer_subscriptions WHERE id = p_subscription_id;
  IF NOT FOUND THEN
    RAISE EXCEPTION 'Subscription not found';
  END IF;

  INSERT INTO public.subscription_usage_logs (
    tenant_id, subscription_id, subscription_plan_id, customer_id, service_id,
    appointment_id, benefit_type, covered_amount, extra_amount,
    used_at, period_start, period_end
  ) VALUES (
    v_sub.tenant_id, v_sub.id, v_sub.plan_id, v_sub.customer_id, p_service_id,
    p_appointment_id, 'service', COALESCE(p_covered_amount, 0), COALESCE(p_extra_amount, 0),
    now(), v_sub.current_period_start, v_sub.current_period_end
  ) ON CONFLICT (appointment_id) WHERE appointment_id IS NOT NULL DO NOTHING;

  UPDATE public.customer_subscriptions
  SET uses_this_period = uses_this_period + 1,
      updated_at = now()
  WHERE id = p_subscription_id;

  RETURN jsonb_build_object('success', true);
END;
$function$
";consume_subscription_benefit;p_appointment_id uuid, p_subscription_id uuid, p_service_id uuid, p_covered_amount numeric, p_extra_amount numeric;plpgsql;false;UNSAFE;jsonb;"[""search_path=public""]";public;true;false;VOLATILE
_subscription_id uuid, _service_id uuid, _appointment_id uuid;consume_subscription_benefits_v2(uuid,uuid,uuid);"CREATE OR REPLACE FUNCTION public.consume_subscription_benefits_v2(_subscription_id uuid, _service_id uuid, _appointment_id uuid)
 RETURNS jsonb
 LANGUAGE plpgsql
 SECURITY DEFINER
 SET search_path TO 'public'
AS $function$
DECLARE
  _plan_id uuid;
  _tenant_id uuid;
  _customer_id uuid;
  _period_start timestamptz;
  _period_end timestamptz;
  _link record;
  _balance record;
  _missing jsonb := '[]'::jsonb;
  _inserted_ids uuid[] := ARRAY[]::uuid[];
  _new_id uuid;
BEGIN
  SELECT cs.plan_id, cs.tenant_id, cs.customer_id,
         COALESCE(cs.current_period_start, date_trunc('month', now())),
         COALESCE(cs.current_period_end, date_trunc('month', now()) + interval '1 month')
    INTO _plan_id, _tenant_id, _customer_id, _period_start, _period_end
  FROM public.customer_subscriptions cs
  WHERE cs.id = _subscription_id;

  IF _plan_id IS NULL THEN
    RETURN jsonb_build_object('success', false, 'error', 'subscription_not_found');
  END IF;

  -- Check each benefit the service consumes
  FOR _link IN
    SELECT bs.consume_quantity, b.benefit_key, b.benefit_name, b.id as benefit_id
    FROM public.subscription_plan_benefit_services bs
    JOIN public.subscription_plan_benefits b ON b.id = bs.benefit_id
    WHERE bs.plan_id = _plan_id
      AND bs.service_id = _service_id
      AND bs.active = true
      AND b.active = true
  LOOP
    SELECT remaining INTO _balance
    FROM public.get_subscription_benefit_balance(_subscription_id)
    WHERE benefit_key = _link.benefit_key;

    IF _balance IS NULL OR _balance.remaining < _link.consume_quantity THEN
      _missing := _missing || jsonb_build_object(
        'benefit_key', _link.benefit_key,
        'benefit_name', _link.benefit_name,
        'required', _link.consume_quantity,
        'remaining', COALESCE(_balance.remaining, 0)
      );
    END IF;
  END LOOP;

  IF jsonb_array_length(_missing) > 0 THEN
    RETURN jsonb_build_object('success', false, 'error', 'insufficient_balance', 'missing', _missing);
  END IF;

  -- Insert reservation logs (one row per benefit)
  FOR _link IN
    SELECT bs.consume_quantity, b.benefit_key
    FROM public.subscription_plan_benefit_services bs
    JOIN public.subscription_plan_benefits b ON b.id = bs.benefit_id
    WHERE bs.plan_id = _plan_id
      AND bs.service_id = _service_id
      AND bs.active = true
      AND b.active = true
  LOOP
    INSERT INTO public.subscription_usage_logs (
      tenant_id, subscription_id, subscription_plan_id, customer_id,
      appointment_id, service_id, benefit_key, consume_quantity,
      status, benefit_type, period_start, period_end
    ) VALUES (
      _tenant_id, _subscription_id, _plan_id, _customer_id,
      _appointment_id, _service_id, _link.benefit_key, _link.consume_quantity,
      'reserved', 'service', _period_start, _period_end
    ) RETURNING id INTO _new_id;
    _inserted_ids := array_append(_inserted_ids, _new_id);
  END LOOP;

  RETURN jsonb_build_object('success', true, 'log_ids', to_jsonb(_inserted_ids));
END;
$function$
";consume_subscription_benefits_v2;_subscription_id uuid, _service_id uuid, _appointment_id uuid;plpgsql;false;UNSAFE;jsonb;"[""search_path=public""]";public;true;false;VOLATILE
p_subscription_id uuid, p_appointment_id uuid DEFAULT NULL::uuid;consume_subscription_use(uuid,uuid);"CREATE OR REPLACE FUNCTION public.consume_subscription_use(p_subscription_id uuid, p_appointment_id uuid DEFAULT NULL::uuid)
 RETURNS jsonb
 LANGUAGE plpgsql
 SECURITY DEFINER
 SET search_path TO 'public'
AS $function$
DECLARE
  v_sub RECORD;
  v_plan RECORD;
BEGIN
  SELECT * INTO v_sub FROM public.customer_subscriptions
    WHERE id = p_subscription_id FOR UPDATE;

  IF NOT FOUND THEN
    RETURN jsonb_build_object('success', false, 'error', 'Assinatura não encontrada');
  END IF;

  IF v_sub.status <> 'active' THEN
    RETURN jsonb_build_object('success', false, 'error', 'Assinatura não está ativa');
  END IF;

  SELECT * INTO v_plan FROM public.subscription_plans WHERE id = v_sub.plan_id;

  IF v_plan.usage_type = 'limited' AND v_sub.uses_this_period >= COALESCE(v_plan.max_uses_per_month, 0) THEN
    RETURN jsonb_build_object('success', false, 'error', 'Limite mensal atingido');
  END IF;

  UPDATE public.customer_subscriptions
    SET uses_this_period = uses_this_period + 1, updated_at = now()
    WHERE id = p_subscription_id;

  INSERT INTO public.subscription_usage_logs (
    tenant_id, subscription_id, appointment_id, period_start, period_end
  ) VALUES (
    v_sub.tenant_id, p_subscription_id, p_appointment_id, v_sub.current_period_start, v_sub.current_period_end
  )
  ON CONFLICT (appointment_id) WHERE appointment_id IS NOT NULL DO NOTHING;

  RETURN jsonb_build_object('success', true, 'uses_this_period', v_sub.uses_this_period + 1);
END;
$function$
";consume_subscription_use;p_subscription_id uuid, p_appointment_id uuid;plpgsql;false;UNSAFE;jsonb;"[""search_path=public""]";public;true;false;VOLATILE
p_appointment_id uuid, p_customer_id uuid, p_tenant_id uuid, p_amount numeric;convert_appointment_to_credit(uuid,uuid,uuid,numeric);"CREATE OR REPLACE FUNCTION public.convert_appointment_to_credit(p_appointment_id uuid, p_customer_id uuid, p_tenant_id uuid, p_amount numeric)
 RETURNS jsonb
 LANGUAGE plpgsql
 SECURITY DEFINER
 SET search_path TO 'public'
AS $function$
DECLARE
    v_appointment RECORD;
    v_credit_id UUID;
BEGIN
    -- Select with row-level lock
    SELECT * INTO v_appointment FROM appointments WHERE id = p_appointment_id FOR UPDATE;
    
    IF NOT FOUND THEN
        RETURN jsonb_build_object('success', false, 'error', 'Agendamento não encontrado');
    END IF;

    IF v_appointment.status = 'cancelled' THEN
        RETURN jsonb_build_object('success', false, 'error', 'Agendamento já está cancelado');
    END IF;

    -- Extra safety: check if this specific appointment has already been converted
    IF v_appointment.refund_status = 'converted_to_credit' THEN
         RETURN jsonb_build_object('success', false, 'error', 'Este agendamento já foi convertido em crédito');
    END IF;

    -- Double check in customer_credits table by appointment_id
    IF EXISTS (SELECT 1 FROM customer_credits WHERE appointment_id = p_appointment_id) THEN
        RETURN jsonb_build_object('success', false, 'error', 'Crédito já gerado para este agendamento');
    END IF;

    -- 1. Create the credit record
    INSERT INTO customer_credits (
        tenant_id,
        customer_id,
        appointment_id,
        payment_id,
        amount,
        status
    ) VALUES (
        p_tenant_id,
        p_customer_id,
        p_appointment_id,
        v_appointment.payment_id,
        p_amount,
        'available'
    ) RETURNING id INTO v_credit_id;

    -- 2. Update the appointment status and source
    UPDATE appointments 
    SET 
        status = 'cancelled',
        cancelled_at = now(),
        cancel_source = 'customer_credit_conversion',
        refund_status = 'converted_to_credit',
        updated_at = now()
    WHERE id = p_appointment_id;

    -- 3. Update the global credit balance on customer record
    UPDATE customers 
    SET 
        credits = COALESCE(credits, 0) + p_amount,
        updated_at = now()
    WHERE id = p_customer_id;

    -- 4. Log status change
    INSERT INTO appointment_status_logs (
        appointment_id,
        old_status,
        new_status,
        changed_by_type,
        source,
        metadata
    ) VALUES (
        p_appointment_id,
        v_appointment.status,
        'cancelled',
        'customer',
        'public_link',
        jsonb_build_object(
            'action', 'convert_to_credit',
            'amount', p_amount,
            'credit_id', v_credit_id,
            'payment_id', v_appointment.payment_id
        )
    );

    RETURN jsonb_build_object('success', true, 'credit_id', v_credit_id);
EXCEPTION WHEN OTHERS THEN
    RETURN jsonb_build_object('success', false, 'error', SQLERRM);
END;
$function$
";convert_appointment_to_credit;p_appointment_id uuid, p_customer_id uuid, p_tenant_id uuid, p_amount numeric;plpgsql;false;UNSAFE;jsonb;"[""search_path=public""]";public;true;false;VOLATILE
p_type text, p_title text, p_message text DEFAULT NULL::text, p_tenant_id uuid DEFAULT NULL::uuid, p_user_id uuid DEFAULT NULL::uuid, p_related_entity_type text DEFAULT NULL::text, p_related_entity_id uuid DEFAULT NULL::uuid, p_action_url text DEFAULT NULL::text, p_priority text DEFAULT 'normal'::text;create_admin_notification(text,text,text,uuid,uuid,text,uuid,text,text);"CREATE OR REPLACE FUNCTION public.create_admin_notification(p_type text, p_title text, p_message text DEFAULT NULL::text, p_tenant_id uuid DEFAULT NULL::uuid, p_user_id uuid DEFAULT NULL::uuid, p_related_entity_type text DEFAULT NULL::text, p_related_entity_id uuid DEFAULT NULL::uuid, p_action_url text DEFAULT NULL::text, p_priority text DEFAULT 'normal'::text)
 RETURNS uuid
 LANGUAGE plpgsql
 SECURITY DEFINER
 SET search_path TO 'public'
AS $function$
DECLARE v_id uuid;
BEGIN
  INSERT INTO public.admin_notifications
    (type, title, description, message, tenant_id, user_id, related_entity_type, related_entity_id, action_url, priority, is_read)
  VALUES
    (p_type, p_title, p_message, p_message, p_tenant_id, p_user_id, p_related_entity_type, p_related_entity_id, p_action_url, p_priority, false)
  RETURNING id INTO v_id;
  RETURN v_id;
END; $function$
";create_admin_notification;p_type text, p_title text, p_message text, p_tenant_id uuid, p_user_id uuid, p_related_entity_type text, p_related_entity_id uuid, p_action_url text, p_priority text;plpgsql;false;UNSAFE;uuid;"[""search_path=public""]";public;true;false;VOLATILE
p_appointment_id uuid;create_barber_commission_for_appointment(uuid);"CREATE OR REPLACE FUNCTION public.create_barber_commission_for_appointment(p_appointment_id uuid)
 RETURNS jsonb
 LANGUAGE plpgsql
 SECURITY DEFINER
 SET search_path TO 'public'
AS $function$
DECLARE
  v_appt record;
  v_barber record;
  v_service_amount numeric(10,2) := 0;
  v_commission_type text := 'percentage';
  v_percentage numeric(10,2) := 0;
  v_fixed numeric(10,2) := 0;
  v_bonus numeric(10,2) := 0;
  v_commission numeric(10,2) := 0;
  v_id uuid;
  v_status text;
BEGIN
  SELECT a.*, c.name AS customer_name, s.name AS service_name
    INTO v_appt
  FROM public.appointments a
  LEFT JOIN public.customers c ON c.id = a.customer_id
  LEFT JOIN public.services s ON s.id = a.service_id
  WHERE a.id = p_appointment_id;

  IF NOT FOUND THEN
    RETURN jsonb_build_object('success', false, 'error', 'appointment_not_found');
  END IF;

  IF COALESCE(v_appt.status, '') <> 'completed' THEN
    RETURN jsonb_build_object('success', false, 'error', 'appointment_not_completed');
  END IF;

  IF v_appt.barber_id IS NULL THEN
    RETURN jsonb_build_object('success', true, 'skipped', true, 'reason', 'no_barber');
  END IF;

  SELECT * INTO v_barber
  FROM public.barbers
  WHERE id = v_appt.barber_id;

  IF NOT FOUND THEN
    RETURN jsonb_build_object('success', false, 'error', 'barber_not_found');
  END IF;

  v_service_amount := COALESCE(v_appt.service_amount, v_appt.original_total, v_appt.total_price, 0);
  v_commission_type := COALESCE(NULLIF(v_barber.commission_type, ''), 'percentage');
  v_percentage := COALESCE(v_barber.commission_rate, 0);
  v_fixed := COALESCE(v_barber.commission_fixed_value, 0);
  v_bonus := COALESCE(v_barber.commission_bonus_value, 0);

  IF v_commission_type = 'fixed' THEN
    v_commission := v_fixed;
  ELSIF v_commission_type = 'hybrid' THEN
    v_commission := (v_service_amount * v_percentage / 100) + v_bonus;
  ELSE
    v_commission := v_service_amount * v_percentage / 100;
  END IF;

  v_commission := ROUND(GREATEST(v_commission, 0), 2);

  INSERT INTO public.barber_commissions (
    tenant_id, barber_id, appointment_id, customer_id, service_id, service_name,
    service_amount, commission_type, commission_percentage, commission_fixed_amount,
    commission_amount, status, created_at, updated_at
  ) VALUES (
    COALESCE(v_appt.tenant_id, v_barber.tenant_id, v_appt.user_id, v_barber.user_id),
    v_appt.barber_id,
    v_appt.id,
    v_appt.customer_id,
    v_appt.service_id,
    v_appt.service_name,
    v_service_amount,
    v_commission_type,
    CASE WHEN v_commission_type IN ('percentage','hybrid') THEN v_percentage ELSE 0 END,
    CASE WHEN v_commission_type = 'hybrid' THEN v_fixed + v_bonus ELSE v_fixed END,
    v_commission,
    'pending',
    COALESCE(v_appt.completed_at, now()),
    now()
  )
  ON CONFLICT (appointment_id, barber_id) DO UPDATE
  SET tenant_id = EXCLUDED.tenant_id,
      customer_id = EXCLUDED.customer_id,
      service_id = EXCLUDED.service_id,
      service_name = EXCLUDED.service_name,
      service_amount = EXCLUDED.service_amount,
      commission_type = EXCLUDED.commission_type,
      commission_percentage = EXCLUDED.commission_percentage,
      commission_fixed_amount = EXCLUDED.commission_fixed_amount,
      commission_amount = CASE
        WHEN public.barber_commissions.status = 'pending' THEN EXCLUDED.commission_amount
        ELSE public.barber_commissions.commission_amount
      END,
      status = CASE
        WHEN public.barber_commissions.status = 'cancelled' THEN 'pending'
        ELSE public.barber_commissions.status
      END,
      created_at = COALESCE(public.barber_commissions.created_at, EXCLUDED.created_at),
      updated_at = now()
  RETURNING id, status INTO v_id, v_status;

  RETURN jsonb_build_object(
    'success', true,
    'commission_id', v_id,
    'service_amount', v_service_amount,
    'commission_amount', v_commission,
    'status', v_status
  );
END;
$function$
";create_barber_commission_for_appointment;p_appointment_id uuid;plpgsql;false;UNSAFE;jsonb;"[""search_path=public""]";public;true;false;VOLATILE
p_user_id uuid, p_type text, p_title text, p_message text, p_barber_id uuid DEFAULT NULL::uuid, p_customer_id uuid DEFAULT NULL::uuid, p_metadata jsonb DEFAULT '{}'::jsonb;create_notification(uuid,text,text,text,uuid,uuid,jsonb);"CREATE OR REPLACE FUNCTION public.create_notification(p_user_id uuid, p_type text, p_title text, p_message text, p_barber_id uuid DEFAULT NULL::uuid, p_customer_id uuid DEFAULT NULL::uuid, p_metadata jsonb DEFAULT '{}'::jsonb)
 RETURNS uuid
 LANGUAGE plpgsql
 SECURITY DEFINER
 SET search_path TO 'public'
AS $function$
DECLARE
    v_notification_id UUID;
BEGIN
    INSERT INTO public.notifications (
        user_id,
        type,
        title,
        message,
        barber_id,
        customer_id,
        metadata
    ) VALUES (
        p_user_id,
        p_type,
        p_title,
        p_message,
        p_barber_id,
        p_customer_id,
        p_metadata
    ) RETURNING id INTO v_notification_id;
    
    RETURN v_notification_id;
END;
$function$
";create_notification;p_user_id uuid, p_type text, p_title text, p_message text, p_barber_id uuid, p_customer_id uuid, p_metadata jsonb;plpgsql;false;UNSAFE;uuid;"[""search_path=public""]";public;true;false;VOLATILE
p_slug text, p_name text, p_phone text, p_email text DEFAULT NULL::text, p_barber_id uuid DEFAULT NULL::uuid;create_or_get_public_customer(text,text,text,text,uuid);"CREATE OR REPLACE FUNCTION public.create_or_get_public_customer(p_slug text, p_name text, p_phone text, p_email text DEFAULT NULL::text, p_barber_id uuid DEFAULT NULL::uuid)
 RETURNS uuid
 LANGUAGE plpgsql
 SECURITY DEFINER
 SET search_path TO 'public'
AS $function$
DECLARE
  v_shop_id uuid;
  v_owner_id uuid;
  v_phone text;
  v_customer_id uuid;
BEGIN
  IF p_slug IS NULL OR length(trim(p_slug)) = 0 THEN RAISE EXCEPTION 'slug_required'; END IF;
  IF p_name IS NULL OR length(trim(p_name)) = 0 THEN RAISE EXCEPTION 'name_required'; END IF;
  IF p_phone IS NULL THEN RAISE EXCEPTION 'phone_required'; END IF;

  v_phone := regexp_replace(p_phone, '\D', '', 'g');
  IF length(v_phone) < 8 THEN RAISE EXCEPTION 'invalid_phone'; END IF;

  SELECT id, owner_id INTO v_shop_id, v_owner_id
  FROM public.barbershops
  WHERE slug = p_slug
  LIMIT 1;

  IF v_shop_id IS NULL THEN RAISE EXCEPTION 'barbershop_not_found'; END IF;
  IF v_owner_id IS NULL THEN RAISE EXCEPTION 'barbershop_owner_missing'; END IF;

  -- Match by phone against either owner_id or shop id (legacy rows)
  SELECT id INTO v_customer_id
  FROM public.customers
  WHERE (user_id = v_owner_id OR user_id = v_shop_id OR tenant_id = v_owner_id OR tenant_id = v_shop_id)
    AND regexp_replace(coalesce(phone,''), '\D', '', 'g') = v_phone
  ORDER BY created_at ASC
  LIMIT 1;

  IF v_customer_id IS NOT NULL THEN
    UPDATE public.customers
    SET name = COALESCE(NULLIF(trim(p_name), ''), name),
        email = COALESCE(p_email, email)
    WHERE id = v_customer_id;
    RETURN v_customer_id;
  END IF;

  INSERT INTO public.customers (
    user_id, tenant_id, barber_id, name, phone, email
  ) VALUES (
    v_owner_id, v_owner_id, p_barber_id, trim(p_name), v_phone, p_email
  )
  RETURNING id INTO v_customer_id;

  RETURN v_customer_id;
END;
$function$
";create_or_get_public_customer;p_slug text, p_name text, p_phone text, p_email text, p_barber_id uuid;plpgsql;false;UNSAFE;uuid;"[""search_path=public""]";public;true;false;VOLATILE
p_tenant_id uuid, p_barber_id uuid, p_customer_id uuid, p_service_id uuid, p_start_time timestamp with time zone, p_duration_minutes integer, p_total_price numeric DEFAULT NULL::numeric, p_notes text DEFAULT NULL::text;create_walkin_appointment(uuid,uuid,uuid,uuid,timestamp with time zone,integer,numeric,text);"CREATE OR REPLACE FUNCTION public.create_walkin_appointment(p_tenant_id uuid, p_barber_id uuid, p_customer_id uuid, p_service_id uuid, p_start_time timestamp with time zone, p_duration_minutes integer, p_total_price numeric DEFAULT NULL::numeric, p_notes text DEFAULT NULL::text)
 RETURNS jsonb
 LANGUAGE plpgsql
 SECURITY DEFINER
 SET search_path TO 'public'
AS $function$
DECLARE
  v_actor uuid := auth.uid();
  v_end timestamptz := p_start_time + make_interval(mins => p_duration_minutes);
  v_new_id uuid;
  v_price numeric;
  v_is_owner boolean;
  v_role_ok boolean := false;
BEGIN
  IF v_actor IS NULL THEN
    RETURN jsonb_build_object('success', false, 'error', 'Não autenticado');
  END IF;

  v_is_owner := (v_actor = p_tenant_id);
  IF NOT v_is_owner THEN
    SELECT EXISTS (
      SELECT 1 FROM public.user_roles
      WHERE user_id = v_actor
        AND role IN ('admin','super_admin','manager','receptionist')
    ) INTO v_role_ok;
  END IF;

  IF NOT (v_is_owner OR v_role_ok) THEN
    RETURN jsonb_build_object('success', false, 'error', 'Sem permissão para criar atendimento presencial');
  END IF;

  IF public.check_appointment_conflict(p_barber_id, p_start_time, v_end, NULL, NULL) THEN
    RETURN jsonb_build_object('success', false, 'error', 'Horário indisponível para este profissional');
  END IF;

  IF p_total_price IS NULL THEN
    SELECT price INTO v_price FROM public.services WHERE id = p_service_id;
  ELSE
    v_price := p_total_price;
  END IF;

  INSERT INTO public.appointments (
    tenant_id, user_id, barber_id, customer_id, service_id,
    start_time, end_time, status, appointment_type,
    total_price, service_amount, final_amount,
    source, notes, walkin_arrived_at,
    updated_by_type, updated_by_id
  ) VALUES (
    p_tenant_id, p_tenant_id, p_barber_id, p_customer_id, p_service_id,
    p_start_time, v_end, 'scheduled', 'walk_in',
    v_price, v_price, COALESCE(v_price, 0),
    'walkin', p_notes, now(),
    'admin', v_actor
  ) RETURNING id INTO v_new_id;

  RETURN jsonb_build_object('success', true, 'appointment_id', v_new_id);
END $function$
";create_walkin_appointment;p_tenant_id uuid, p_barber_id uuid, p_customer_id uuid, p_service_id uuid, p_start_time timestamp with time zone, p_duration_minutes integer, p_total_price numeric, p_notes text;plpgsql;false;UNSAFE;jsonb;"[""search_path=public""]";public;true;false;VOLATILE
p_appointment_id uuid, p_holder_name text, p_pix_key text, p_pix_type text, p_notes text DEFAULT NULL::text, p_source text DEFAULT 'customer_portal'::text;customer_cancel_request_refund(uuid,text,text,text,text,text);"CREATE OR REPLACE FUNCTION public.customer_cancel_request_refund(p_appointment_id uuid, p_holder_name text, p_pix_key text, p_pix_type text, p_notes text DEFAULT NULL::text, p_source text DEFAULT 'customer_portal'::text)
 RETURNS jsonb
 LANGUAGE plpgsql
 SECURITY DEFINER
 SET search_path TO 'public'
AS $function$
DECLARE
    v_appt RECORD;
    v_fin JSONB;
    v_response JSONB;
BEGIN
    SELECT * INTO v_appt FROM public.appointments WHERE id = p_appointment_id;

    IF NOT FOUND THEN
        RETURN jsonb_build_object('success', false, 'error', 'Agendamento não encontrado.');
    END IF;

    v_fin := public.check_appointment_financial_status(p_appointment_id);

    IF NOT COALESCE((v_fin->>'has_paid_pix')::boolean, false) THEN
        RETURN jsonb_build_object('success', false, 'error', 'Este agendamento não possui pagamento Pix para estorno.');
    END IF;

    SELECT public.request_appointment_refund(
        p_appointment_id,
        v_appt.customer_id,
        v_appt.tenant_id,
        COALESCE(v_appt.pix_amount, v_appt.total_price),
        p_pix_key,
        p_pix_type,
        p_holder_name,
        COALESCE(p_notes, 'Cancelamento solicitado pelo cliente via portal')
    ) INTO v_response;

    IF NOT (v_response->>'success')::BOOLEAN THEN
        RETURN v_response;
    END IF;

    UPDATE public.appointments
    SET
        status = 'cancelled',
        cancelled_at = NOW(),
        cancelled_by = 'customer',
        cancel_source = p_source,
        updated_at = NOW()
    WHERE id = p_appointment_id;

    RETURN jsonb_build_object('success', true);
END;
$function$
";customer_cancel_request_refund;p_appointment_id uuid, p_holder_name text, p_pix_key text, p_pix_type text, p_notes text, p_source text;plpgsql;false;UNSAFE;jsonb;"[""search_path=public""]";public;true;false;VOLATILE
p_appointment_id uuid, p_source text DEFAULT 'customer_portal'::text;customer_cancel_return_credit(uuid,text);"CREATE OR REPLACE FUNCTION public.customer_cancel_return_credit(p_appointment_id uuid, p_source text DEFAULT 'customer_portal'::text)
 RETURNS jsonb
 LANGUAGE plpgsql
 SECURITY DEFINER
 SET search_path TO 'public'
AS $function$
DECLARE
    v_appt RECORD;
    v_response JSONB;
BEGIN
    SELECT * INTO v_appt FROM public.appointments WHERE id = p_appointment_id;

    IF NOT FOUND THEN
        RETURN jsonb_build_object('success', false, 'error', 'Agendamento não encontrado.');
    END IF;

    SELECT convert_appointment_to_credit(
        p_appointment_id,
        v_appt.customer_id,
        v_appt.tenant_id,
        v_appt.total_price
    ) INTO v_response;

    IF NOT (v_response->>'success')::BOOLEAN THEN
        RETURN v_response;
    END IF;

    UPDATE public.appointments
    SET 
        status = 'cancelled',
        cancelled_at = NOW(),
        cancelled_by = 'customer',
        cancel_source = p_source,
        updated_at = NOW()
    WHERE id = p_appointment_id;

    RETURN jsonb_build_object('success', true);
END;
$function$
";customer_cancel_return_credit;p_appointment_id uuid, p_source text;plpgsql;false;UNSAFE;jsonb;"[""search_path=public""]";public;true;false;VOLATILE
p_appointment_id uuid, p_source text DEFAULT 'customer_portal'::text;customer_cancel_simple(uuid,text);"CREATE OR REPLACE FUNCTION public.customer_cancel_simple(p_appointment_id uuid, p_source text DEFAULT 'customer_portal'::text)
 RETURNS jsonb
 LANGUAGE plpgsql
 SECURITY DEFINER
 SET search_path TO 'public'
AS $function$
DECLARE
    v_fin JSONB;
BEGIN
    v_fin := public.check_appointment_financial_status(p_appointment_id);

    IF COALESCE((v_fin->>'requires_financial_decision')::boolean, false)
       OR COALESCE((v_fin->>'has_paid_pix')::boolean, false)
       OR COALESCE((v_fin->>'has_used_credits')::boolean, false)
       OR COALESCE((v_fin->>'has_used_cashback')::boolean, false) THEN
        RETURN jsonb_build_object('success', false, 'error', 'Este agendamento possui valores financeiros e requer decisão específica.');
    END IF;

    UPDATE public.appointments
    SET
        status = 'cancelled',
        cancelled_at = NOW(),
        cancelled_by = 'customer',
        cancel_source = p_source,
        updated_at = NOW()
    WHERE id = p_appointment_id;

    RETURN jsonb_build_object('success', true);
END;
$function$
";customer_cancel_simple;p_appointment_id uuid, p_source text;plpgsql;false;UNSAFE;jsonb;"[""search_path=public""]";public;true;false;VOLATILE
prod_id uuid, amount integer;decrement_product_stock(uuid,integer);"CREATE OR REPLACE FUNCTION public.decrement_product_stock(prod_id uuid, amount integer)
 RETURNS void
 LANGUAGE plpgsql
 SET search_path TO 'public'
AS $function$
BEGIN
  UPDATE public.products
  SET stock_quantity = stock_quantity - amount
  WHERE id = prod_id;
END;
$function$
";decrement_product_stock;prod_id uuid, amount integer;plpgsql;false;UNSAFE;void;"[""search_path=public""]";public;false;false;VOLATILE
p_event_key text, p_title text, p_message text DEFAULT ''::text, p_severity text DEFAULT 'info'::text, p_tenant_id uuid DEFAULT NULL::uuid, p_action_url text DEFAULT NULL::text, p_payload jsonb DEFAULT '{}'::jsonb;emit_admin_event_panel(text,text,text,text,uuid,text,jsonb);"CREATE OR REPLACE FUNCTION public.emit_admin_event_panel(p_event_key text, p_title text, p_message text DEFAULT ''::text, p_severity text DEFAULT 'info'::text, p_tenant_id uuid DEFAULT NULL::uuid, p_action_url text DEFAULT NULL::text, p_payload jsonb DEFAULT '{}'::jsonb)
 RETURNS integer
 LANGUAGE plpgsql
 SECURITY DEFINER
 SET search_path TO 'public'
AS $function$
DECLARE
  v_count integer := 0;
  v_admin record;
  v_sub record;
  v_priority text;
BEGIN
  v_priority := CASE p_severity
    WHEN 'critical' THEN 'critical'
    WHEN 'warning' THEN 'high'
    ELSE 'normal'
  END;

  FOR v_admin IN
    SELECT id FROM public.profiles WHERE role = 'super_admin'
  LOOP
    SELECT * INTO v_sub
      FROM public.admin_event_subscriptions
      WHERE user_id = v_admin.id AND event_key = p_event_key;

    -- Default (no explicit subscription) = panel on
    IF v_sub.id IS NOT NULL AND NOT COALESCE(v_sub.enabled, true) THEN CONTINUE; END IF;
    IF v_sub.id IS NOT NULL AND NOT COALESCE(v_sub.channel_panel, true) THEN CONTINUE; END IF;

    INSERT INTO public.admin_notifications (
      user_id, event_key, type, severity, priority,
      title, message, description, tenant_id, action_url, payload
    ) VALUES (
      v_admin.id, p_event_key, p_event_key, p_severity, v_priority,
      p_title, p_message, p_message, p_tenant_id, p_action_url, p_payload
    );
    v_count := v_count + 1;
  END LOOP;

  INSERT INTO public.admin_event_log (event_key, severity, payload, tenant_id, recipients_count, channels_delivered)
  VALUES (p_event_key, p_severity, p_payload, p_tenant_id, v_count, jsonb_build_object('panel', v_count));

  RETURN v_count;
END;
$function$
";emit_admin_event_panel;p_event_key text, p_title text, p_message text, p_severity text, p_tenant_id uuid, p_action_url text, p_payload jsonb;plpgsql;false;UNSAFE;integer;"[""search_path=public""]";public;true;false;VOLATILE
;emit_first_appointment_event();"CREATE OR REPLACE FUNCTION public.emit_first_appointment_event()
 RETURNS trigger
 LANGUAGE plpgsql
 SECURITY DEFINER
 SET search_path TO 'public'
AS $function$
DECLARE
  tenant_uuid uuid := NEW.tenant_id;
  existing_count int;
  biz text;
BEGIN
  IF tenant_uuid IS NULL THEN RETURN NEW; END IF;

  SELECT COUNT(*) INTO existing_count
  FROM public.appointments
  WHERE tenant_id = tenant_uuid AND id <> NEW.id;

  IF existing_count > 0 THEN RETURN NEW; END IF;

  SELECT COALESCE(business_name, email) INTO biz FROM public.profiles WHERE id = tenant_uuid;

  PERFORM net.http_post(
    url := (SELECT value FROM public.system_settings WHERE key = 'supabase_url' LIMIT 1),
    headers := '{}'::jsonb,
    body := jsonb_build_object('event', 'first_appointment', 'tenant_id', tenant_uuid, 'business_name', biz)
  ) WHERE false; -- placeholder no-op para evitar hard-fail se net.http_post não disponível

  INSERT INTO public.admin_event_log(event_key, severity, payload, tenant_id, recipients_count, channels_delivered)
  VALUES ('tenant.first_appointment.pending', 'info',
          jsonb_build_object('business_name', biz, 'appointment_id', NEW.id), tenant_uuid, 0, '{}'::jsonb);

  RETURN NEW;
EXCEPTION WHEN OTHERS THEN
  RETURN NEW;
END;
$function$
";emit_first_appointment_event;;plpgsql;false;UNSAFE;trigger;"[""search_path=public""]";public;true;false;VOLATILE
;enforce_appointment_no_overlap();"CREATE OR REPLACE FUNCTION public.enforce_appointment_no_overlap()
 RETURNS trigger
 LANGUAGE plpgsql
 SECURITY DEFINER
 SET search_path TO 'public'
AS $function$
BEGIN
  -- Só valida se linha ficará ativa (cancelled/no_show liberam o horário)
  IF NEW.status IN ('cancelled', 'no_show') THEN
    RETURN NEW;
  END IF;

  IF NEW.barber_id IS NULL OR NEW.start_time IS NULL OR NEW.end_time IS NULL THEN
    RETURN NEW;
  END IF;

  IF public.check_appointment_conflict(
    NEW.barber_id, NEW.start_time, NEW.end_time,
    CASE WHEN TG_OP = 'UPDATE' THEN NEW.id ELSE NULL END,
    NULL
  ) THEN
    RAISE EXCEPTION 'Horário indisponível: já existe outro atendimento do profissional nesse intervalo'
      USING ERRCODE = 'P0001', HINT = 'appointment_overlap';
  END IF;

  RETURN NEW;
END $function$
";enforce_appointment_no_overlap;;plpgsql;false;UNSAFE;trigger;"[""search_path=public""]";public;true;false;VOLATILE
;enqueue_subscription_renewal_reminders();"CREATE OR REPLACE FUNCTION public.enqueue_subscription_renewal_reminders()
 RETURNS integer
 LANGUAGE plpgsql
 SECURITY DEFINER
 SET search_path TO 'public'
AS $function$
DECLARE
  v_sub RECORD;
  v_template RECORD;
  v_customer RECORD;
  v_plan RECORD;
  v_barbershop_name TEXT;
  v_idem TEXT;
  v_count INTEGER := 0;
BEGIN
  FOR v_sub IN
    SELECT cs.*
    FROM public.customer_subscriptions cs
    WHERE cs.status IN ('active','trialing')
      AND cs.auto_renew = true
      AND cs.next_billing_at IS NOT NULL
      AND cs.next_billing_at::date = (CURRENT_DATE + INTERVAL '3 days')::date
  LOOP
    SELECT id, template, active INTO v_template
    FROM public.automation_templates
    WHERE tenant_id = v_sub.tenant_id AND key = 'subscription_renewal_upcoming'
    LIMIT 1;
    CONTINUE WHEN v_template.id IS NULL OR v_template.active IS NOT TRUE;

    SELECT id, name, phone INTO v_customer FROM public.customers WHERE id = v_sub.customer_id;
    CONTINUE WHEN v_customer.phone IS NULL OR v_customer.phone = '';

    SELECT name, monthly_price INTO v_plan FROM public.subscription_plans WHERE id = v_sub.plan_id;
    SELECT COALESCE(business_name, responsible_name, 'Nossa Barbearia') INTO v_barbershop_name
    FROM public.profiles WHERE id = v_sub.tenant_id;

    v_idem := 'sub_renewal_' || v_sub.id::text || '_' || to_char(v_sub.next_billing_at, 'YYYYMMDD');

    BEGIN
      INSERT INTO public.automation_queue (
        tenant_id, automation_id, customer_id, automation_type, workflow_key,
        event_name, status, scheduled_for, attempts, idempotency_key, payload
      ) VALUES (
        v_sub.tenant_id, v_template.id, v_sub.customer_id,
        'subscription_renewal_upcoming', 'subscription_renewal_upcoming',
        'subscription.renewal_upcoming', 'pending', now(), 0, v_idem,
        jsonb_build_object(
          'customer_name', COALESCE(v_customer.name, 'Cliente'),
          'barbershop_name', v_barbershop_name,
          'subscription_plan', COALESCE(v_plan.name, 'Plano'),
          'subscription_amount', to_char(COALESCE(v_plan.monthly_price, 0), 'FM999G990D00'),
          'renewal_date', to_char(v_sub.next_billing_at AT TIME ZONE 'America/Sao_Paulo', 'DD/MM/YYYY'),
          'subscription_id', v_sub.id,
          'rendered', v_template.template
        )
      ) ON CONFLICT (idempotency_key) WHERE status <> 'error' DO NOTHING;
      v_count := v_count + 1;
    EXCEPTION WHEN OTHERS THEN
      RAISE WARNING 'enqueue_subscription_renewal_reminders failed for %: %', v_sub.id, SQLERRM;
    END;
  END LOOP;

  RETURN v_count;
END;
$function$
";enqueue_subscription_renewal_reminders;;plpgsql;false;UNSAFE;integer;"[""search_path=public""]";public;true;false;VOLATILE
;ensure_appointment_tenant_id();"CREATE OR REPLACE FUNCTION public.ensure_appointment_tenant_id()
 RETURNS trigger
 LANGUAGE plpgsql
 SET search_path TO 'public'
AS $function$
BEGIN
  IF NEW.tenant_id IS NULL THEN
    NEW.tenant_id := NEW.user_id;
  END IF;
  RETURN NEW;
END;
$function$
";ensure_appointment_tenant_id;;plpgsql;false;UNSAFE;trigger;"[""search_path=public""]";public;false;false;VOLATILE
;ensure_single_primary_gateway();"CREATE OR REPLACE FUNCTION public.ensure_single_primary_gateway()
 RETURNS trigger
 LANGUAGE plpgsql
 SET search_path TO 'public'
AS $function$
BEGIN
  IF NEW.is_primary THEN
    UPDATE public.payment_gateways
       SET is_primary = false
     WHERE tenant_id = NEW.tenant_id
       AND id <> NEW.id
       AND is_primary = true;
  END IF;
  RETURN NEW;
END;
$function$
";ensure_single_primary_gateway;;plpgsql;false;UNSAFE;trigger;"[""search_path=public""]";public;false;false;VOLATILE
;expire_loyalty_rewards();"CREATE OR REPLACE FUNCTION public.expire_loyalty_rewards()
 RETURNS integer
 LANGUAGE plpgsql
 SECURITY DEFINER
 SET search_path TO 'public'
AS $function$
DECLARE v_count INTEGER;
BEGIN
    UPDATE public.loyalty_rewards
    SET status = 'expired'
    WHERE status = 'available'
      AND expires_at IS NOT NULL
      AND expires_at < now();
    GET DIAGNOSTICS v_count = ROW_COUNT;
    RETURN v_count;
END;
$function$
";expire_loyalty_rewards;;plpgsql;false;UNSAFE;integer;"[""search_path=public""]";public;true;false;VOLATILE
p_tenant_id uuid, p_start_date date, p_end_date date;fn_get_financial_summary(uuid,date,date);"CREATE OR REPLACE FUNCTION public.fn_get_financial_summary(p_tenant_id uuid, p_start_date date, p_end_date date)
 RETURNS jsonb
 LANGUAGE plpgsql
 SECURITY DEFINER
 SET search_path TO 'public'
AS $function$
DECLARE
    v_summary JSONB;
BEGIN
    SELECT jsonb_build_object(
        'servicos_vendidos', COALESCE(SUM(total_price), 0),
        'entrada_caixa', COALESCE(SUM(pix_amount + cash_amount + credit_card_amount + debit_card_amount), 0),
        'cashback_concedido', COALESCE(SUM(cashback_earned), 0),
        'cashback_utilizado', COALESCE(SUM(cashback_used), 0),
        'creditos_utilizados', COALESCE(SUM(credits_used), 0),
        'assinatura_coberta', COALESCE(SUM(subscription_covered_amount), 0),
        'assinatura_extra', COALESCE(SUM(extra_amount), 0),
        'atendimentos_assinatura', COALESCE(SUM(CASE WHEN subscription_id IS NOT NULL THEN 1 ELSE 0 END), 0)
    ) INTO v_summary
    FROM public.appointments
    WHERE tenant_id = p_tenant_id 
      AND status = 'completed'
      AND completed_at::DATE BETWEEN p_start_date AND p_end_date;

    RETURN v_summary;
END;
$function$
";fn_get_financial_summary;p_tenant_id uuid, p_start_date date, p_end_date date;plpgsql;false;UNSAFE;jsonb;"[""search_path=public""]";public;true;false;VOLATILE
;fn_on_appointment_created_enqueue_automation();"CREATE OR REPLACE FUNCTION public.fn_on_appointment_created_enqueue_automation()
 RETURNS trigger
 LANGUAGE plpgsql
 SECURITY DEFINER
 SET search_path TO 'public'
AS $function$
 DECLARE
     v_automation_id UUID;
     v_exists BOOLEAN;
 BEGIN
     -- Só processa para agendamentos confirmados (ou que acabaram de ser confirmados)
     IF NEW.status = 'confirmed' AND NEW.customer_id IS NOT NULL AND NEW.tenant_id IS NOT NULL THEN
         
         -- Se for um UPDATE, só prossegue se o status mudo para confirmed ou se não havia sido enfileirado antes
         IF TG_OP = 'UPDATE' THEN
            IF OLD.status = 'confirmed' THEN
                -- Se já estava confirmado, verifica se já existe uma fila para evitar duplicidade em atualizações triviais
                SELECT EXISTS (
                    SELECT 1 FROM public.automation_queue
                    WHERE appointment_id = NEW.id
                    AND workflow_key = 'appointment_confirmation'
                    AND status IN ('pending', 'processing', 'success')
                ) INTO v_exists;
                
                IF v_exists THEN
                    RETURN NEW;
                END IF;
            END IF;
         END IF;

         -- 1. Buscar ID do template de confirmação
         SELECT id INTO v_automation_id
         FROM public.automation_templates
         WHERE tenant_id = NEW.tenant_id AND key = 'appointment_confirmation'
         LIMIT 1;
         
         -- 2. Se não existir, criar um template padrão para este tenant
         IF v_automation_id IS NULL THEN
             INSERT INTO public.automation_templates (
                 tenant_id,
                 key,
                 name,
                 trigger_event,
                 template,
                 active
             ) VALUES (
                 NEW.tenant_id,
                 'appointment_confirmation',
                 'Confirmação de Agendamento',
                 'appointment_created',
                 'Olá, {customer_name}! 👋\n\nSeu agendamento na {barbershop_name} foi realizado com sucesso.\n\n📋 Resumo do agendamento:\n\n✅ Serviço: {service_name}\n💈 Profissional: {professional_name}\n📅 Data: {appointment_date}\n⏰ Horário: {appointment_time}\n\nPara reagendar ou cancelar, acesse o link abaixo:\n{management_link}\n\nObrigado!',
                 true
             ) ON CONFLICT (tenant_id, key) DO UPDATE SET tenant_id = EXCLUDED.tenant_id RETURNING id INTO v_automation_id;
         END IF;

         -- 3. Verificação final de idempotência (redundante com o índice mas bom para lógica)
         SELECT EXISTS (
             SELECT 1 FROM public.automation_queue
             WHERE (appointment_id = NEW.id OR (NEW.appointment_group_id IS NOT NULL AND appointment_group_id = NEW.appointment_group_id))
             AND workflow_key = 'appointment_confirmation'
             AND status IN ('pending', 'processing', 'success')
         ) INTO v_exists;
         
         IF v_exists THEN
             RETURN NEW;
         END IF;

         -- 4. Inserir na fila de automação
         INSERT INTO public.automation_queue (
             tenant_id,
             automation_id,
             appointment_id,
             appointment_group_id,
             customer_id,
             automation_type,
             workflow_key,
             status,
             attempts,
             scheduled_for
         ) VALUES (
             NEW.tenant_id,
             v_automation_id,
             NEW.id,
             NEW.appointment_group_id,
             NEW.customer_id,
             'new_appointment',
             'appointment_confirmation',
             'pending',
             0,
             now()
         ) ON CONFLICT DO NOTHING;
     END IF;
     
     RETURN NEW;
 END;
$function$
";fn_on_appointment_created_enqueue_automation;;plpgsql;false;UNSAFE;trigger;"[""search_path=public""]";public;true;false;VOLATILE
p_customer_id uuid;fn_recalculate_customer_loyalty(uuid);"CREATE OR REPLACE FUNCTION public.fn_recalculate_customer_loyalty(p_customer_id uuid)
 RETURNS integer
 LANGUAGE plpgsql
 SECURITY DEFINER
 SET search_path TO 'public'
AS $function$
DECLARE
    v_points INTEGER;
    v_sub RECORD;
BEGIN
    SELECT * INTO v_sub FROM public.get_active_subscription(p_customer_id);

    -- Se assinante ativo e plano não participa da fidelidade tradicional, zera pontos
    IF FOUND AND v_sub.participates_traditional_loyalty = false THEN
      UPDATE public.customers
      SET loyalty_points = 0, updated_at = NOW()
      WHERE id = p_customer_id;
      RETURN 0;
    END IF;

    SELECT COUNT(*)
    INTO v_points
    FROM public.appointments
    WHERE customer_id = p_customer_id AND status = 'completed';

    UPDATE public.customers
    SET loyalty_points = v_points,
        updated_at = NOW()
    WHERE id = p_customer_id;

    RETURN v_points;
END;
$function$
";fn_recalculate_customer_loyalty;p_customer_id uuid;plpgsql;false;UNSAFE;integer;"[""search_path=public""]";public;true;false;VOLATILE
_hours integer;generate_admin_digest(integer);"CREATE OR REPLACE FUNCTION public.generate_admin_digest(_hours integer)
 RETURNS jsonb
 LANGUAGE sql
 STABLE
 SET search_path TO 'public'
AS $function$
  WITH win AS (
    SELECT * FROM public.admin_event_log
    WHERE created_at >= now() - (_hours || ' hours')::interval
      AND event_key NOT LIKE 'admin.digest%'
  ),
  by_evt AS (
    SELECT event_key, COUNT(*) AS n FROM win GROUP BY event_key ORDER BY 2 DESC
  ),
  new_tenants AS (
    SELECT COUNT(*) AS n FROM public.profiles WHERE created_at >= now() - (_hours || ' hours')::interval
  ),
  new_subs AS (
    SELECT COUNT(*) AS n FROM public.subscriptions WHERE created_at >= now() - (_hours || ' hours')::interval AND status IN ('active','trialing')
  ),
  new_appts AS (
    SELECT COUNT(*) AS n FROM public.appointments WHERE created_at >= now() - (_hours || ' hours')::interval
  ),
  critical AS (
    SELECT COUNT(*) AS n FROM win WHERE severity = 'critical'
  )
  SELECT jsonb_build_object(
    'window_hours', _hours,
    'new_tenants', (SELECT n FROM new_tenants),
    'new_subscriptions', (SELECT n FROM new_subs),
    'new_appointments', (SELECT n FROM new_appts),
    'critical_events', (SELECT n FROM critical),
    'total_events', (SELECT COUNT(*) FROM win),
    'top_events', COALESCE((SELECT jsonb_agg(jsonb_build_object('event', event_key, 'count', n)) FROM by_evt LIMIT 10), '[]'::jsonb)
  );
$function$
";generate_admin_digest;_hours integer;sql;false;UNSAFE;jsonb;"[""search_path=public""]";public;false;false;STABLE
;generate_product_slug();"CREATE OR REPLACE FUNCTION public.generate_product_slug()
 RETURNS trigger
 LANGUAGE plpgsql
 SET search_path TO 'public'
AS $function$
BEGIN
    IF NEW.slug IS NULL OR NEW.slug = '' THEN
        NEW.slug := lower(regexp_replace(NEW.name, '[^a-zA-Z0-9]+', '-', 'g'));
        -- Garantir que não termina com hífen
        NEW.slug := trim(trailing '-' from NEW.slug);
    END IF;
    RETURN NEW;
END;
$function$
";generate_product_slug;;plpgsql;false;UNSAFE;trigger;"[""search_path=public""]";public;false;false;VOLATILE
;generate_subscription_referral_code();"CREATE OR REPLACE FUNCTION public.generate_subscription_referral_code()
 RETURNS text
 LANGUAGE plpgsql
 SECURITY DEFINER
 SET search_path TO 'public', 'extensions'
AS $function$
DECLARE
  v_code TEXT;
  v_exists BOOLEAN;
  v_attempts INT := 0;
  v_alphabet TEXT := 'ABCDEFGHJKLMNPQRSTUVWXYZ23456789';
  i INT;
BEGIN
  LOOP
    v_code := '';
    FOR i IN 1..8 LOOP
      v_code := v_code || substr(v_alphabet, 1 + floor(random() * length(v_alphabet))::int, 1);
    END LOOP;
    SELECT EXISTS(SELECT 1 FROM public.customer_subscriptions WHERE referral_code = v_code) INTO v_exists;
    EXIT WHEN NOT v_exists OR v_attempts > 12;
    v_attempts := v_attempts + 1;
  END LOOP;
  RETURN v_code;
END;
$function$
";generate_subscription_referral_code;;plpgsql;false;UNSAFE;text;"[""search_path=public, extensions""]";public;true;false;VOLATILE
base_name text;generate_unique_slug(text);"CREATE OR REPLACE FUNCTION public.generate_unique_slug(base_name text)
 RETURNS text
 LANGUAGE plpgsql
 SET search_path TO 'public'
AS $function$
DECLARE
  new_slug text;
  counter integer := 0;
BEGIN
  new_slug := lower(regexp_replace(base_name, '[^a-zA-Z0-9]+', '-', 'g'));
  new_slug := trim(both '-' from new_slug);
  
  WHILE EXISTS (SELECT 1 FROM public.profiles WHERE slug = new_slug) OR EXISTS (SELECT 1 FROM public.barbershops WHERE slug = new_slug) LOOP
    counter := counter + 1;
    new_slug := lower(regexp_replace(base_name, '[^a-zA-Z0-9]+', '-', 'g')) || '-' || counter;
    new_slug := trim(both '-' from new_slug);
  END LOOP;
  
  RETURN new_slug;
END;
$function$
";generate_unique_slug;base_name text;plpgsql;false;UNSAFE;text;"[""search_path=public""]";public;false;false;VOLATILE
p_customer_id uuid;get_active_subscription(uuid);"CREATE OR REPLACE FUNCTION public.get_active_subscription(p_customer_id uuid)
 RETURNS TABLE(subscription_id uuid, plan_id uuid, tenant_id uuid, started_at timestamp with time zone, months_active integer, participates_traditional_loyalty boolean, participates_cashback boolean, accumulates_premium_loyalty boolean)
 LANGUAGE sql
 STABLE SECURITY DEFINER
 SET search_path TO 'public'
AS $function$
  SELECT
    cs.id,
    cs.plan_id,
    cs.tenant_id,
    cs.started_at,
    GREATEST(0, EXTRACT(YEAR FROM age(now(), cs.started_at))::int * 12
            + EXTRACT(MONTH FROM age(now(), cs.started_at))::int) AS months_active,
    sp.participates_traditional_loyalty,
    sp.participates_cashback,
    sp.accumulates_premium_loyalty
  FROM public.customer_subscriptions cs
  JOIN public.subscription_plans sp ON sp.id = cs.plan_id
  WHERE cs.customer_id = p_customer_id
    AND cs.status IN ('active','trialing','past_due')
  ORDER BY cs.started_at ASC
  LIMIT 1;
$function$
";get_active_subscription;p_customer_id uuid;sql;false;UNSAFE;TABLE(subscription_id uuid, plan_id uuid, tenant_id uuid, started_at timestamp with time zone, months_active integer, participates_traditional_loyalty boolean, participates_cashback boolean, accumulates_premium_loyalty boolean);"[""search_path=public""]";public;true;false;STABLE
_tenant uuid;get_allowed_modules(uuid);"CREATE OR REPLACE FUNCTION public.get_allowed_modules(_tenant uuid)
 RETURNS jsonb
 LANGUAGE sql
 STABLE SECURITY DEFINER
 SET search_path TO 'public'
AS $function$
  SELECT COALESCE(p.allowed_modules, '[]'::jsonb)
  FROM public.barbershops b
  LEFT JOIN public.plans p ON p.id = b.plan_id
  WHERE b.id = _tenant;
$function$
";get_allowed_modules;_tenant uuid;sql;false;UNSAFE;jsonb;"[""search_path=public""]";public;true;false;STABLE
p_token uuid;get_appointment_by_management_token(uuid);"CREATE OR REPLACE FUNCTION public.get_appointment_by_management_token(p_token uuid)
 RETURNS TABLE(id uuid, tenant_id uuid, customer_id uuid, barber_id uuid, service_id uuid, start_time timestamp with time zone, end_time timestamp with time zone, status text, payment_status text, total_price numeric, customer_name text, service_name text, professional_name text, business_name text, professional_id uuid, cancellation_window_hours integer, management_token uuid, cancel_token uuid)
 LANGUAGE plpgsql
 SECURITY DEFINER
 SET search_path TO 'public'
AS $function$
BEGIN
  RETURN QUERY
  SELECT 
    a.id,
    a.tenant_id,
    a.customer_id,
    a.barber_id,
    a.service_id,
    a.start_time,
    a.end_time,
    a.status,
    a.payment_status,
    a.total_price,
    c.name as customer_name,
    s.name as service_name,
    b.name as professional_name,
    p.business_name,
    a.barber_id as professional_id,
    COALESCE(p.cancellation_window_hours, 2) as cancellation_window_hours,
    a.management_token,
    a.cancel_token
  FROM appointments a
  JOIN customers c ON a.customer_id = c.id
  JOIN services s ON a.service_id = s.id
  JOIN barbers b ON a.barber_id = b.id
  JOIN profiles p ON a.tenant_id = p.id
  WHERE a.management_token = p_token OR a.cancel_token = p_token;
END;
$function$
";get_appointment_by_management_token;p_token uuid;plpgsql;false;UNSAFE;TABLE(id uuid, tenant_id uuid, customer_id uuid, barber_id uuid, service_id uuid, start_time timestamp with time zone, end_time timestamp with time zone, status text, payment_status text, total_price numeric, customer_name text, service_name text, professional_name text, business_name text, professional_id uuid, cancellation_window_hours integer, management_token uuid, cancel_token uuid);"[""search_path=public""]";public;true;false;VOLATILE
p_cancel_token text;get_appointment_for_rating(text);"CREATE OR REPLACE FUNCTION public.get_appointment_for_rating(p_cancel_token text)
 RETURNS TABLE(id uuid, user_id uuid, tenant_id uuid, barber_id uuid, service_id uuid, customer_id uuid, start_time timestamp with time zone, status text, already_rated boolean)
 LANGUAGE sql
 STABLE SECURITY DEFINER
 SET search_path TO 'public'
AS $function$
  SELECT a.id,
         a.user_id,
         a.tenant_id,
         a.barber_id,
         a.service_id,
         a.customer_id,
         a.start_time,
         a.status,
         EXISTS (SELECT 1 FROM public.service_ratings sr WHERE sr.appointment_id = a.id) AS already_rated
  FROM public.appointments a
  WHERE p_cancel_token IS NOT NULL
    AND length(p_cancel_token) >= 6
    AND a.cancel_token::text = p_cancel_token
  LIMIT 1;
$function$
";get_appointment_for_rating;p_cancel_token text;sql;false;UNSAFE;TABLE(id uuid, user_id uuid, tenant_id uuid, barber_id uuid, service_id uuid, customer_id uuid, start_time timestamp with time zone, status text, already_rated boolean);"[""search_path=public""]";public;true;false;STABLE
_token text;get_appointment_group_by_token(text);"CREATE OR REPLACE FUNCTION public.get_appointment_group_by_token(_token text)
 RETURNS jsonb
 LANGUAGE plpgsql
 STABLE SECURITY DEFINER
 SET search_path TO 'public'
AS $function$
DECLARE
  v_group public.appointment_groups%ROWTYPE;
  v_result JSONB;
BEGIN
  IF _token IS NULL OR length(_token) < 8 THEN RETURN NULL; END IF;
  SELECT * INTO v_group FROM public.appointment_groups WHERE group_token = _token LIMIT 1;
  IF v_group.id IS NULL THEN RETURN NULL; END IF;

  SELECT jsonb_build_object(
    'group', to_jsonb(v_group),
    'business', (SELECT jsonb_build_object('business_name', p.business_name, 'whatsapp_number', p.whatsapp_number, 'slug', p.slug) FROM public.profiles p WHERE p.id = v_group.tenant_id),
    'customer_name', (SELECT c.name FROM public.customers c WHERE c.id = v_group.customer_id),
    'appointments', COALESCE((
      SELECT jsonb_agg(jsonb_build_object(
        'id', a.id, 'service_id', a.service_id, 'barber_id', a.barber_id,
        'start_time', a.start_time, 'end_time', a.end_time, 'status', a.status,
        'service_amount', a.service_amount, 'group_sequence', a.group_sequence,
        'management_token', a.management_token,
        'service_name', s.name, 'professional_name', b.name
      ) ORDER BY a.group_sequence)
      FROM public.appointments a
      LEFT JOIN public.services s ON s.id = a.service_id
      LEFT JOIN public.barbers b ON b.id = a.barber_id
      WHERE a.appointment_group_id = v_group.id
    ), '[]'::jsonb)
  ) INTO v_result;
  RETURN v_result;
END;
$function$
";get_appointment_group_by_token;_token text;plpgsql;false;UNSAFE;jsonb;"[""search_path=public""]";public;true;false;STABLE
p_barber_id uuid, p_date date, p_duration_minutes integer DEFAULT 30, p_exclude_appointment_id uuid DEFAULT NULL::uuid, p_step_minutes integer DEFAULT 30;get_availability_slots(uuid,date,integer,uuid,integer);"CREATE OR REPLACE FUNCTION public.get_availability_slots(p_barber_id uuid, p_date date, p_duration_minutes integer DEFAULT 30, p_exclude_appointment_id uuid DEFAULT NULL::uuid, p_step_minutes integer DEFAULT 30)
 RETURNS jsonb
 LANGUAGE plpgsql
 STABLE SECURITY DEFINER
 SET search_path TO 'public'
AS $function$
DECLARE
  v_tz text := 'America/Sao_Paulo';
  v_barber record;
  v_tenant uuid;
  v_buffer integer := 0;
  v_wh jsonb;
  v_daykey text;
  v_duration integer := GREATEST(COALESCE(p_duration_minutes, 30), 5);
  v_step integer := GREATEST(COALESCE(p_step_minutes, 30), 5);
  v_day_start timestamptz;
  v_day_end timestamptz;
  v_open timestamptz;
  v_close timestamptz;
  v_break_start timestamptz;
  v_break_end timestamptz;
  v_now timestamptz := now();
  v_cand timestamptz;
  v_end timestamptz;
  v_state text;
  v_slots jsonb := '[]'::jsonb;
  v_candidates timestamptz[] := ARRAY[]::timestamptz[];
  v_appt record;
BEGIN
  IF p_barber_id IS NULL OR p_date IS NULL THEN
    RETURN jsonb_build_object('slots', '[]'::jsonb, 'buffer_minutes', 0, 'duration_minutes', v_duration);
  END IF;

  SELECT b.id, b.tenant_id, b.user_id, b.working_hours
    INTO v_barber
  FROM public.barbers b WHERE b.id = p_barber_id;

  IF v_barber.id IS NULL THEN
    RETURN jsonb_build_object('slots', '[]'::jsonb, 'buffer_minutes', 0, 'duration_minutes', v_duration);
  END IF;

  v_tenant := COALESCE(v_barber.tenant_id, v_barber.user_id);
  SELECT COALESCE(pr.slot_buffer_minutes, 0) INTO v_buffer
  FROM public.profiles pr WHERE pr.id = v_tenant;
  v_buffer := GREATEST(COALESCE(v_buffer, 0), 0);

  v_daykey := lower(to_char(p_date, 'FMday'));
  v_daykey := CASE v_daykey
    WHEN 'sunday' THEN 'sunday' WHEN 'monday' THEN 'monday' WHEN 'tuesday' THEN 'tuesday'
    WHEN 'wednesday' THEN 'wednesday' WHEN 'thursday' THEN 'thursday'
    WHEN 'friday' THEN 'friday' ELSE 'saturday' END;

  v_wh := (COALESCE(v_barber.working_hours, '{}'::jsonb)) -> v_daykey;

  IF v_wh IS NULL OR COALESCE((v_wh->>'enabled')::boolean, false) IS NOT TRUE
     OR v_wh->>'start' IS NULL OR v_wh->>'end' IS NULL THEN
    RETURN jsonb_build_object('slots', '[]'::jsonb, 'buffer_minutes', v_buffer, 'duration_minutes', v_duration, 'closed', true);
  END IF;

  v_open  := ((p_date::text || ' ' || (v_wh->>'start'))::timestamp) AT TIME ZONE v_tz;
  v_close := ((p_date::text || ' ' || (v_wh->>'end'))::timestamp) AT TIME ZONE v_tz;
  
  IF v_wh->>'break_start' IS NOT NULL AND v_wh->>'break_end' IS NOT NULL THEN
    v_break_start := ((p_date::text || ' ' || (v_wh->>'break_start'))::timestamp) AT TIME ZONE v_tz;
    v_break_end   := ((p_date::text || ' ' || (v_wh->>'break_end'))::timestamp) AT TIME ZONE v_tz;
  END IF;

  v_day_start := (p_date::text || ' 00:00:00')::timestamp AT TIME ZONE v_tz;
  v_day_end   := v_day_start + interval '1 day';

  -- Candidatos: grade regular do expediente
  v_cand := v_open;
  WHILE v_cand < v_close LOOP
    v_candidates := array_append(v_candidates, v_cand);
    v_cand := v_cand + make_interval(mins => v_step);
  END LOOP;

  -- Candidatos de encaixe: término real (+buffer) de cada atendimento do dia
  FOR v_appt IN
    SELECT a.start_time, a.end_time
    FROM public.appointments a
    WHERE a.barber_id = p_barber_id
      AND a.status NOT IN ('cancelled', 'no_show')
      AND (p_exclude_appointment_id IS NULL OR a.id <> p_exclude_appointment_id)
      AND a.start_time < v_day_end
      AND a.end_time > v_day_start
  LOOP
    v_cand := v_appt.end_time + make_interval(mins => v_buffer);
    IF v_cand > v_open AND v_cand < v_close AND NOT (v_cand = ANY (v_candidates)) THEN
      v_candidates := array_append(v_candidates, v_cand);
    END IF;
  END LOOP;

  FOREACH v_cand IN ARRAY (SELECT array_agg(x ORDER BY x) FROM unnest(v_candidates) x)
  LOOP
    v_end := v_cand + make_interval(mins => v_duration);
    v_state := 'available';

    IF v_end > v_close THEN
      v_state := 'overflow';
    ELSIF v_cand < v_now THEN
      v_state := 'past';
    ELSIF v_break_start IS NOT NULL AND v_cand < v_break_end AND v_end > v_break_start THEN
      v_state := 'busy';
    -- Check for Time Off blocks
    ELSIF EXISTS (
      SELECT 1 FROM public.professional_time_off t
      WHERE t.professional_id = p_barber_id
        AND t.status IN ('scheduled', 'active')
        AND t.approval_status IN ('approved', 'not_required')
        AND tstzrange(t.starts_at, t.ends_at, '[)') && tstzrange(v_cand, v_end, '[)')
    ) THEN
      v_state := 'busy';
    ELSIF EXISTS (
      SELECT 1 FROM public.appointments a
      WHERE a.barber_id = p_barber_id
        AND a.status NOT IN ('cancelled', 'no_show')
        AND (p_exclude_appointment_id IS NULL OR a.id <> p_exclude_appointment_id)
        AND tstzrange(a.start_time - make_interval(mins => v_buffer),
                      a.end_time   + make_interval(mins => v_buffer), '[)')
            && tstzrange(v_cand, v_end, '[)')
    ) THEN
      v_state := 'busy';
    END IF;

    v_slots := v_slots || jsonb_build_object(
      'time', to_char(v_cand AT TIME ZONE v_tz, 'HH24:MI'),
      'end_time', to_char(v_end AT TIME ZONE v_tz, 'HH24:MI'),
      'iso', to_char(v_cand AT TIME ZONE v_tz, 'YYYY-MM-DD""T""HH24:MI:SS'),
      'state', v_state
    );
  END LOOP;

  RETURN jsonb_build_object(
    'slots', v_slots,
    'buffer_minutes', v_buffer,
    'duration_minutes', v_duration,
    'open', to_char(v_open AT TIME ZONE v_tz, 'HH24:MI'),
    'close', to_char(v_close AT TIME ZONE v_tz, 'HH24:MI')
  );
END $function$
";get_availability_slots;p_barber_id uuid, p_date date, p_duration_minutes integer, p_exclude_appointment_id uuid, p_step_minutes integer;plpgsql;false;UNSAFE;jsonb;"[""search_path=public""]";public;true;false;STABLE
p_barber_id uuid;get_barber_appointments(uuid);"CREATE OR REPLACE FUNCTION public.get_barber_appointments(p_barber_id uuid)
 RETURNS jsonb
 LANGUAGE sql
 STABLE SECURITY DEFINER
 SET search_path TO 'public'
AS $function$
  SELECT COALESCE(jsonb_agg(row_to_json(t) ORDER BY t.start_time DESC), '[]'::jsonb)
  FROM (
    SELECT
      a.*,
      jsonb_build_object(
        'name', c.name,
        'phone', c.phone,
        'avatar_url', c.avatar_url
      ) AS customers,
      jsonb_build_object(
        'name', s.name
      ) AS services
    FROM public.appointments a
    LEFT JOIN public.customers c ON c.id = a.customer_id
    LEFT JOIN public.services  s ON s.id = a.service_id
    WHERE a.barber_id = p_barber_id
  ) t;
$function$
";get_barber_appointments;p_barber_id uuid;sql;false;UNSAFE;jsonb;"[""search_path=public""]";public;true;false;STABLE
p_tenant_id uuid, p_barber_id uuid, p_start_date date DEFAULT NULL::date, p_end_date date DEFAULT NULL::date;get_barber_commission_summary(uuid,uuid,date,date);"CREATE OR REPLACE FUNCTION public.get_barber_commission_summary(p_tenant_id uuid, p_barber_id uuid, p_start_date date DEFAULT NULL::date, p_end_date date DEFAULT NULL::date)
 RETURNS jsonb
 LANGUAGE plpgsql
 SECURITY DEFINER
 SET search_path TO 'public'
AS $function$
DECLARE
  v_start timestamptz;
  v_end timestamptz;
  v_production numeric(10,2) := 0;
  v_total numeric(10,2) := 0;
  v_paid numeric(10,2) := 0;
  v_pending numeric(10,2) := 0;
  v_completed integer := 0;
  v_paid_count integer := 0;
  v_pending_count integer := 0;
  v_avg numeric(10,2) := 0;
BEGIN
  v_start := CASE WHEN p_start_date IS NULL THEN NULL ELSE p_start_date::timestamptz END;
  v_end := CASE WHEN p_end_date IS NULL THEN NULL ELSE (p_end_date + 1)::timestamptz END;

  SELECT
    COALESCE(SUM(bc.service_amount) FILTER (WHERE bc.status <> 'cancelled'), 0),
    COALESCE(SUM(bc.commission_amount) FILTER (WHERE bc.status <> 'cancelled'), 0),
    COALESCE(SUM(bc.commission_amount) FILTER (WHERE bc.status = 'paid'), 0),
    COALESCE(SUM(bc.commission_amount) FILTER (WHERE bc.status = 'pending'), 0),
    COUNT(*) FILTER (WHERE bc.status <> 'cancelled')::integer,
    COUNT(*) FILTER (WHERE bc.status = 'paid')::integer,
    COUNT(*) FILTER (WHERE bc.status = 'pending')::integer
  INTO v_production, v_total, v_paid, v_pending, v_completed, v_paid_count, v_pending_count
  FROM public.barber_commissions bc
  LEFT JOIN public.appointments a ON a.id = bc.appointment_id
  WHERE bc.tenant_id = p_tenant_id
    AND bc.barber_id = p_barber_id
    AND (v_start IS NULL OR COALESCE(a.completed_at, bc.created_at, a.start_time) >= v_start)
    AND (v_end IS NULL OR COALESCE(a.completed_at, bc.created_at, a.start_time) < v_end);

  v_avg := CASE WHEN v_completed > 0 THEN ROUND(v_production / v_completed, 2) ELSE 0 END;

  RETURN jsonb_build_object(
    'production_total', v_production,
    'commission_total', v_total,
    'commission_paid', v_paid,
    'commission_pending', v_pending,
    'completed_appointments', v_completed,
    'paid_count', v_paid_count,
    'pending_count', v_pending_count,
    'average_ticket', v_avg
  );
END;
$function$
";get_barber_commission_summary;p_tenant_id uuid, p_barber_id uuid, p_start_date date, p_end_date date;plpgsql;false;UNSAFE;jsonb;"[""search_path=public""]";public;true;false;VOLATILE
p_tenant_id uuid, p_barber_id uuid, p_start_date date DEFAULT NULL::date, p_end_date date DEFAULT NULL::date, p_status text DEFAULT NULL::text;get_barber_commissions(uuid,uuid,date,date,text);"CREATE OR REPLACE FUNCTION public.get_barber_commissions(p_tenant_id uuid, p_barber_id uuid, p_start_date date DEFAULT NULL::date, p_end_date date DEFAULT NULL::date, p_status text DEFAULT NULL::text)
 RETURNS TABLE(id uuid, appointment_id uuid, customer_id uuid, customer_name text, service_id uuid, service_name text, service_amount numeric, commission_type text, commission_percentage numeric, commission_fixed_amount numeric, commission_amount numeric, status text, paid_at timestamp with time zone, paid_by uuid, created_at timestamp with time zone, appointment_date timestamp with time zone)
 LANGUAGE sql
 STABLE SECURITY DEFINER
 SET search_path TO 'public'
AS $function$
  SELECT
    bc.id,
    bc.appointment_id,
    bc.customer_id,
    c.name AS customer_name,
    bc.service_id,
    bc.service_name,
    bc.service_amount,
    bc.commission_type,
    bc.commission_percentage,
    bc.commission_fixed_amount,
    bc.commission_amount,
    bc.status,
    bc.paid_at,
    bc.paid_by,
    bc.created_at,
    COALESCE(a.start_time, bc.created_at) AS appointment_date
  FROM public.barber_commissions bc
  LEFT JOIN public.customers c ON c.id = bc.customer_id
  LEFT JOIN public.appointments a ON a.id = bc.appointment_id
  WHERE bc.tenant_id = p_tenant_id
    AND bc.barber_id = p_barber_id
    AND (p_status IS NULL OR bc.status = p_status)
    AND (p_start_date IS NULL OR COALESCE(a.completed_at, bc.created_at, a.start_time) >= p_start_date::timestamptz)
    AND (p_end_date IS NULL OR COALESCE(a.completed_at, bc.created_at, a.start_time) < (p_end_date + 1)::timestamptz)
  ORDER BY COALESCE(a.start_time, bc.created_at) DESC;
$function$
";get_barber_commissions;p_tenant_id uuid, p_barber_id uuid, p_start_date date, p_end_date date, p_status text;sql;false;UNSAFE;TABLE(id uuid, appointment_id uuid, customer_id uuid, customer_name text, service_id uuid, service_name text, service_amount numeric, commission_type text, commission_percentage numeric, commission_fixed_amount numeric, commission_amount numeric, status text, paid_at timestamp with time zone, paid_by uuid, created_at timestamp with time zone, appointment_date timestamp with time zone);"[""search_path=public""]";public;true;false;STABLE
p_tenant_id uuid, p_barber_id uuid, p_start_date date DEFAULT NULL::date, p_end_date date DEFAULT NULL::date;get_barber_dashboard_summary(uuid,uuid,date,date);"CREATE OR REPLACE FUNCTION public.get_barber_dashboard_summary(p_tenant_id uuid, p_barber_id uuid, p_start_date date DEFAULT NULL::date, p_end_date date DEFAULT NULL::date)
 RETURNS jsonb
 LANGUAGE plpgsql
 SECURITY DEFINER
 SET search_path TO 'public'
AS $function$
DECLARE
  v_month_start date := date_trunc('month', now())::date;
  v_today date := now()::date;
  v_week_start date := (now()::date - 6);
  v_summary jsonb;
  v_today_count integer := 0;
  v_week_count integer := 0;
  v_cancelled integer := 0;
  v_next timestamptz;
BEGIN
  SELECT COUNT(*)::integer INTO v_today_count
  FROM public.appointments
  WHERE tenant_id = p_tenant_id AND barber_id = p_barber_id
    AND status = 'completed'
    AND COALESCE(completed_at, start_time)::date = v_today;

  SELECT COUNT(*)::integer INTO v_week_count
  FROM public.appointments
  WHERE tenant_id = p_tenant_id AND barber_id = p_barber_id
    AND status = 'completed'
    AND COALESCE(completed_at, start_time)::date >= v_week_start;

  SELECT COUNT(*)::integer INTO v_cancelled
  FROM public.appointments
  WHERE tenant_id = p_tenant_id AND barber_id = p_barber_id
    AND status = 'cancelled'
    AND COALESCE(cancelled_at, updated_at, start_time)::date >= v_month_start;

  SELECT start_time INTO v_next
  FROM public.appointments
  WHERE tenant_id = p_tenant_id AND barber_id = p_barber_id
    AND status IN ('scheduled','confirmed')
    AND start_time > now()
  ORDER BY start_time ASC
  LIMIT 1;

  v_summary := public.get_barber_commission_summary(
    p_tenant_id,
    p_barber_id,
    COALESCE(p_start_date, v_month_start),
    COALESCE(p_end_date, v_today)
  );

  RETURN jsonb_build_object(
    'appointments_today', v_today_count,
    'appointments_week', v_week_count,
    'appointments_month', COALESCE((v_summary->>'completed_appointments')::integer, 0),
    'gross_production', COALESCE((v_summary->>'production_total')::numeric, 0),
    'commission_generated', COALESCE((v_summary->>'commission_total')::numeric, 0),
    'commission_paid', COALESCE((v_summary->>'commission_paid')::numeric, 0),
    'commission_pending', COALESCE((v_summary->>'commission_pending')::numeric, 0),
    'average_ticket', COALESCE((v_summary->>'average_ticket')::numeric, 0),
    'cancelled_count', v_cancelled,
    'next_appointment', v_next
  );
END;
$function$
";get_barber_dashboard_summary;p_tenant_id uuid, p_barber_id uuid, p_start_date date, p_end_date date;plpgsql;false;UNSAFE;jsonb;"[""search_path=public""]";public;true;false;VOLATILE
p_tenant_id uuid, p_barber_id uuid, p_start_date date DEFAULT NULL::date, p_end_date date DEFAULT NULL::date;get_barber_pending_commissions(uuid,uuid,date,date);"CREATE OR REPLACE FUNCTION public.get_barber_pending_commissions(p_tenant_id uuid, p_barber_id uuid, p_start_date date DEFAULT NULL::date, p_end_date date DEFAULT NULL::date)
 RETURNS TABLE(id uuid, appointment_id uuid, customer_id uuid, customer_name text, service_id uuid, service_name text, service_amount numeric, commission_amount numeric, status text, created_at timestamp with time zone, appointment_date timestamp with time zone)
 LANGUAGE sql
 STABLE SECURITY DEFINER
 SET search_path TO 'public'
AS $function$
  SELECT
    bc.id,
    bc.appointment_id,
    bc.customer_id,
    c.name AS customer_name,
    bc.service_id,
    bc.service_name,
    bc.service_amount,
    bc.commission_amount,
    bc.status,
    bc.created_at,
    a.start_time AS appointment_date
  FROM public.barber_commissions bc
  LEFT JOIN public.customers c ON c.id = bc.customer_id
  LEFT JOIN public.appointments a ON a.id = bc.appointment_id
  WHERE bc.tenant_id = p_tenant_id
    AND bc.barber_id = p_barber_id
    AND bc.status = 'pending'
    AND (p_start_date IS NULL OR COALESCE(a.completed_at, bc.created_at, a.start_time) >= p_start_date::timestamptz)
    AND (p_end_date IS NULL OR COALESCE(a.completed_at, bc.created_at, a.start_time) < (p_end_date + 1)::timestamptz)
  ORDER BY COALESCE(a.start_time, bc.created_at) DESC;
$function$
";get_barber_pending_commissions;p_tenant_id uuid, p_barber_id uuid, p_start_date date, p_end_date date;sql;false;UNSAFE;TABLE(id uuid, appointment_id uuid, customer_id uuid, customer_name text, service_id uuid, service_name text, service_amount numeric, commission_amount numeric, status text, created_at timestamp with time zone, appointment_date timestamp with time zone);"[""search_path=public""]";public;true;false;STABLE
_token text;get_barbershop_by_checkin_token(text);"CREATE OR REPLACE FUNCTION public.get_barbershop_by_checkin_token(_token text)
 RETURNS jsonb
 LANGUAGE plpgsql
 STABLE SECURITY DEFINER
 SET search_path TO 'public'
AS $function$
DECLARE v_row public.profiles%ROWTYPE;
BEGIN
  IF _token IS NULL OR length(_token) < 16 THEN RETURN NULL; END IF;
  SELECT * INTO v_row FROM public.profiles WHERE checkin_token = _token LIMIT 1;
  IF v_row.id IS NULL THEN RETURN NULL; END IF;
  RETURN jsonb_build_object(
    'tenant_id', v_row.id,
    'business_name', v_row.business_name,
    'slug', v_row.slug,
    'primary_color', v_row.primary_color,
    'logo_url', v_row.logo_url
  );
END;
$function$
";get_barbershop_by_checkin_token;_token text;plpgsql;false;UNSAFE;jsonb;"[""search_path=public""]";public;true;false;STABLE
p_tenant_id uuid, p_code text;get_coupon_by_code(uuid,text);"CREATE OR REPLACE FUNCTION public.get_coupon_by_code(p_tenant_id uuid, p_code text)
 RETURNS TABLE(id uuid, code text, type text, value numeric, minimum_amount numeric, max_discount numeric, usage_limit integer, used_count integer, expires_at timestamp with time zone, active boolean, applies_to text, first_month_only boolean)
 LANGUAGE sql
 STABLE SECURITY DEFINER
 SET search_path TO 'public'
AS $function$
  SELECT id, code, type, value, minimum_amount, max_discount,
         usage_limit, used_count, expires_at, active, applies_to, first_month_only
  FROM public.coupons
  WHERE tenant_id = p_tenant_id
    AND upper(code) = upper(p_code)
    AND active = true
    AND (starts_at IS NULL OR starts_at <= now())
    AND (expires_at IS NULL OR expires_at > now())
  LIMIT 1;
$function$
";get_coupon_by_code;p_tenant_id uuid, p_code text;sql;false;UNSAFE;TABLE(id uuid, code text, type text, value numeric, minimum_amount numeric, max_discount numeric, usage_limit integer, used_count integer, expires_at timestamp with time zone, active boolean, applies_to text, first_month_only boolean);"[""search_path=public""]";public;true;false;STABLE
;get_cron_status();"CREATE OR REPLACE FUNCTION public.get_cron_status()
 RETURNS TABLE(cron_job_id bigint, cron_job_name text, cron_last_run timestamp with time zone, cron_status text, cron_return_message text, cron_start_time timestamp with time zone, cron_end_time timestamp with time zone)
 LANGUAGE plpgsql
 SECURITY DEFINER
 SET search_path TO 'public'
AS $function$
BEGIN
  RETURN QUERY
  SELECT 
    j.jobid,
    j.jobname,
    r.start_time as last_run,
    r.status,
    r.return_message,
    r.start_time,
    r.end_time
  FROM cron.job j
  LEFT JOIN LATERAL (
    SELECT d.start_time, d.status, d.return_message, d.end_time
    FROM cron.job_run_details d
    WHERE d.jobid = j.jobid 
    ORDER BY d.start_time DESC 
    LIMIT 1
  ) r ON true
  WHERE j.jobname = 'run-automations-every-5-minutes';
END;
$function$
";get_cron_status;;plpgsql;false;UNSAFE;TABLE(cron_job_id bigint, cron_job_name text, cron_last_run timestamp with time zone, cron_status text, cron_return_message text, cron_start_time timestamp with time zone, cron_end_time timestamp with time zone);"[""search_path=public""]";public;true;false;VOLATILE
;get_current_identity_context();"CREATE OR REPLACE FUNCTION public.get_current_identity_context()
 RETURNS json
 LANGUAGE plpgsql
 SECURITY DEFINER
 SET search_path TO 'public'
AS $function$
DECLARE
    _user_id uuid := auth.uid();
    _profile record;
    _membership record;
    _result json;
BEGIN
    IF _user_id IS NULL THEN
        RETURN json_build_object('authenticated', false);
    END IF;

    -- Get profile
    SELECT * INTO _profile FROM public.profiles WHERE id = _user_id;

    -- Get active membership (simplified for single tenant for now)
    SELECT * INTO _membership FROM public.tenant_memberships WHERE user_id = _user_id LIMIT 1;

    _result := json_build_object(
        'authenticated', true,
        'user_id', _user_id,
        'profile', row_to_json(_profile),
        'tenant_id', COALESCE(_membership.tenant_id, CASE WHEN _profile.role = 'tenant_admin' THEN _profile.id ELSE _profile.tenant_id END),
        'role', COALESCE(_membership.role, _profile.role),
        'identity_status', _profile.identity_status
    );

    RETURN _result;
END;
$function$
";get_current_identity_context;;plpgsql;false;UNSAFE;json;"[""search_path=public""]";public;true;false;VOLATILE
_appointment_id uuid;get_customer_review(uuid);"CREATE OR REPLACE FUNCTION public.get_customer_review(_appointment_id uuid)
 RETURNS SETOF appointment_reviews
 LANGUAGE sql
 STABLE SECURITY DEFINER
 SET search_path TO 'public'
AS $function$
  SELECT r.*
  FROM public.appointment_reviews r
  JOIN public.appointments a ON a.id = r.appointment_id
  JOIN public.customers c ON c.id = a.customer_id
  WHERE r.appointment_id = _appointment_id
    AND (c.user_id = auth.uid() OR r.tenant_id = auth.uid())
  LIMIT 1;
$function$
";get_customer_review;_appointment_id uuid;sql;false;UNSAFE;SETOF appointment_reviews;"[""search_path=public""]";public;true;false;STABLE
target_day integer, target_month integer;get_customers_with_birthday_today(integer,integer);"CREATE OR REPLACE FUNCTION public.get_customers_with_birthday_today(target_day integer, target_month integer)
 RETURNS TABLE(id uuid, tenant_id uuid, name text, phone text, birth_date date)
 LANGUAGE plpgsql
 SECURITY DEFINER
 SET search_path TO 'public'
AS $function$
BEGIN
  RETURN QUERY
  SELECT c.id, c.tenant_id, c.name, c.phone, c.birth_date
  FROM public.customers c
  WHERE EXTRACT(DAY FROM c.birth_date) = target_day
    AND EXTRACT(MONTH FROM c.birth_date) = target_month;
END;
$function$
";get_customers_with_birthday_today;target_day integer, target_month integer;plpgsql;false;UNSAFE;TABLE(id uuid, tenant_id uuid, name text, phone text, birth_date date);"[""search_path=public""]";public;true;false;VOLATILE
;get_my_profile_role();"CREATE OR REPLACE FUNCTION public.get_my_profile_role()
 RETURNS text
 LANGUAGE sql
 STABLE SECURITY DEFINER
 SET search_path TO 'public'
AS $function$
  select role::text
  from public.user_roles
  where user_id = auth.uid()
$function$
";get_my_profile_role;;sql;false;UNSAFE;text;"[""search_path=public""]";public;true;false;STABLE
;get_my_tenant_id();"CREATE OR REPLACE FUNCTION public.get_my_tenant_id()
 RETURNS uuid
 LANGUAGE sql
 STABLE SECURITY DEFINER
 SET search_path TO 'public'
AS $function$
  SELECT tenant_id
  FROM public.profiles
  WHERE id = auth.uid()
$function$
";get_my_tenant_id;;sql;false;UNSAFE;uuid;"[""search_path=public""]";public;true;false;STABLE
p_appointment_id uuid;get_new_appointment_management_token(uuid);"CREATE OR REPLACE FUNCTION public.get_new_appointment_management_token(p_appointment_id uuid)
 RETURNS text
 LANGUAGE sql
 STABLE SECURITY DEFINER
 SET search_path TO 'public'
AS $function$
  SELECT a.management_token::text
  FROM public.appointments a
  WHERE a.id = p_appointment_id
    AND a.created_at > now() - interval '15 minutes'
  LIMIT 1;
$function$
";get_new_appointment_management_token;p_appointment_id uuid;sql;false;UNSAFE;text;"[""search_path=public""]";public;true;false;STABLE
p_tenant_id uuid, p_type text, p_name text DEFAULT NULL::text;get_or_create_automation(uuid,text,text);"CREATE OR REPLACE FUNCTION public.get_or_create_automation(p_tenant_id uuid, p_type text, p_name text DEFAULT NULL::text)
 RETURNS uuid
 LANGUAGE plpgsql
 SECURITY DEFINER
 SET search_path TO 'public'
AS $function$
DECLARE
    v_id UUID;
    v_trigger_type TEXT := 'event';
BEGIN
    -- Try to find existing automation in the 'automations' table
    -- This table does NOT have a 'name' column
    SELECT id INTO v_id FROM public.automations
    WHERE tenant_id = p_tenant_id AND type = p_type
    LIMIT 1;

    -- If not found, create one
    IF v_id IS NULL THEN
        -- p_name is ignored as the table lacks a 'name' column
        INSERT INTO public.automations (
            tenant_id,
            type,
            enabled,
            trigger_type,
            trigger_delay,
            channel
        ) VALUES (
            p_tenant_id,
            p_type,
            true,
            v_trigger_type,
            0,
            'whatsapp'
        )
        RETURNING id INTO v_id;
    END IF;

    RETURN v_id;
EXCEPTION WHEN OTHERS THEN
    -- If everything fails, try to return any existing automation for this tenant
    SELECT id INTO v_id FROM public.automations WHERE tenant_id = p_tenant_id LIMIT 1;
    RETURN v_id;
END;
$function$
";get_or_create_automation;p_tenant_id uuid, p_type text, p_name text;plpgsql;false;UNSAFE;uuid;"[""search_path=public""]";public;true;false;VOLATILE
_price_id text, _env text;get_plan_slug_by_stripe_price(text,text);"CREATE OR REPLACE FUNCTION public.get_plan_slug_by_stripe_price(_price_id text, _env text)
 RETURNS text
 LANGUAGE sql
 STABLE SECURITY DEFINER
 SET search_path TO 'public'
AS $function$
  SELECT slug FROM public.plans
  WHERE (_env = 'live' AND stripe_price_id_live = _price_id)
     OR (_env = 'sandbox' AND stripe_price_id_test = _price_id)
  LIMIT 1;
$function$
";get_plan_slug_by_stripe_price;_price_id text, _env text;sql;false;UNSAFE;text;"[""search_path=public""]";public;true;false;STABLE
_tenant_id uuid, _customer_id uuid;get_public_active_customer_subscription(uuid,uuid);"CREATE OR REPLACE FUNCTION public.get_public_active_customer_subscription(_tenant_id uuid, _customer_id uuid)
 RETURNS TABLE(id uuid, tenant_id uuid, customer_id uuid, plan_id uuid, status text, started_at timestamp with time zone, current_period_end timestamp with time zone, next_billing_at timestamp with time zone, uses_this_period integer, plan jsonb)
 LANGUAGE sql
 STABLE SECURITY DEFINER
 SET search_path TO 'public'
AS $function$
  SELECT
    cs.id,
    cs.tenant_id,
    cs.customer_id,
    cs.plan_id,
    cs.status,
    cs.started_at,
    cs.current_period_end,
    cs.next_billing_at,
    cs.uses_this_period,
    jsonb_build_object(
      'id', sp.id,
      'tenant_id', sp.tenant_id,
      'name', sp.name,
      'description', sp.description,
      'plan_type', sp.plan_type,
      'monthly_price', sp.monthly_price,
      'usage_type', sp.usage_type,
      'max_uses_per_month', sp.max_uses_per_month,
      'benefits', sp.benefits,
      'included_benefits', sp.included_benefits,
      'active', sp.active,
      'display_order', sp.display_order,
      'participates_traditional_loyalty', sp.participates_traditional_loyalty,
      'participates_cashback', sp.participates_cashback,
      'accumulates_premium_loyalty', sp.accumulates_premium_loyalty,
      'allows_product_discount', sp.allows_product_discount,
      'agenda_priority', sp.agenda_priority,
      'exclusive_hours', sp.exclusive_hours,
      'exclusive_days', sp.exclusive_days,
      'preferential_service', sp.preferential_service
    ) AS plan
  FROM public.customer_subscriptions cs
  JOIN public.customers c
    ON c.id = cs.customer_id
   AND c.user_id = cs.tenant_id
  LEFT JOIN public.subscription_plans sp
    ON sp.id = cs.plan_id
   AND sp.tenant_id = cs.tenant_id
  WHERE cs.tenant_id = _tenant_id
    AND cs.customer_id = _customer_id
    AND c.id = _customer_id
    AND cs.status = 'active'
  ORDER BY cs.started_at DESC NULLS LAST, cs.created_at DESC
  LIMIT 1;
$function$
";get_public_active_customer_subscription;_tenant_id uuid, _customer_id uuid;sql;false;UNSAFE;TABLE(id uuid, tenant_id uuid, customer_id uuid, plan_id uuid, status text, started_at timestamp with time zone, current_period_end timestamp with time zone, next_billing_at timestamp with time zone, uses_this_period integer, plan jsonb);"[""search_path=public""]";public;true;false;STABLE
p_appointment_id uuid, p_barber_id uuid DEFAULT NULL::uuid, p_date date DEFAULT NULL::date;get_reschedule_options(uuid,uuid,date);"CREATE OR REPLACE FUNCTION public.get_reschedule_options(p_appointment_id uuid, p_barber_id uuid DEFAULT NULL::uuid, p_date date DEFAULT NULL::date)
 RETURNS jsonb
 LANGUAGE plpgsql
 SECURITY DEFINER
 SET search_path TO 'public'
AS $function$
DECLARE
  v_appt record;
  v_duration integer := 30;
  v_link_count integer := 0;
  v_barbers jsonb := '[]'::jsonb;
  v_times jsonb := '[]'::jsonb;
  v_target_barber record;
  v_day_key text;
  v_wh jsonb;
  v_start_hm text;
  v_end_hm text;
  v_start_hour integer;
  v_start_min integer;
  v_end_hour integer;
  v_end_min integer;
  v_hour integer;
  v_min integer;
  v_time_text text;
  v_slot_start timestamptz;
  v_slot_end timestamptz;
  v_is_busy boolean;
  v_now_br timestamp;
  v_buffer integer := 0;
BEGIN
  SELECT a.* INTO v_appt FROM public.appointments a WHERE a.id = p_appointment_id;
  IF NOT FOUND THEN
    RETURN jsonb_build_object('success', false, 'error', 'Agendamento não encontrado', 'barbers', '[]'::jsonb, 'times', '[]'::jsonb);
  END IF;

  SELECT COALESCE(s.duration_minutes, GREATEST(15, ROUND(EXTRACT(EPOCH FROM (v_appt.end_time - v_appt.start_time)) / 60)::int), 30)
    INTO v_duration FROM public.services s WHERE s.id = v_appt.service_id;
  IF v_duration IS NULL THEN
    v_duration := COALESCE(GREATEST(15, ROUND(EXTRACT(EPOCH FROM (v_appt.end_time - v_appt.start_time)) / 60)::int), 30);
  END IF;

  SELECT COALESCE(pr.slot_buffer_minutes, 0) INTO v_buffer
  FROM public.profiles pr WHERE pr.id = v_appt.tenant_id;
  v_buffer := COALESCE(v_buffer, 0);

  SELECT count(*) INTO v_link_count FROM public.barber_services bs WHERE bs.service_id = v_appt.service_id;

  WITH eligible AS (
    SELECT DISTINCT b.id, b.name, b.avatar_url, b.specialties, b.category, b.working_hours, b.active
    FROM public.barbers b
    WHERE COALESCE(b.active, false) = true
      AND (b.tenant_id = v_appt.tenant_id OR b.user_id = v_appt.tenant_id)
      AND (
        v_link_count = 0
        OR EXISTS (SELECT 1 FROM public.barber_services bs WHERE bs.barber_id = b.id AND bs.service_id = v_appt.service_id)
        OR b.id = v_appt.barber_id
      )
  )
  SELECT COALESCE(jsonb_agg(
    jsonb_build_object(
      'id', e.id, 'name', e.name, 'avatar_url', e.avatar_url,
      'specialties', COALESCE(to_jsonb(e.specialties), '[]'::jsonb),
      'category', e.category, 'working_hours', COALESCE(e.working_hours, '{}'::jsonb),
      'is_active', e.active, 'is_current', e.id = v_appt.barber_id
    ) ORDER BY CASE WHEN e.id = v_appt.barber_id THEN 0 ELSE 1 END, e.name
  ), '[]'::jsonb) INTO v_barbers FROM eligible e;

  IF p_barber_id IS NOT NULL AND p_date IS NOT NULL THEN
    SELECT b.* INTO v_target_barber FROM public.barbers b
    WHERE b.id = p_barber_id AND COALESCE(b.active, false) = true
      AND (b.tenant_id = v_appt.tenant_id OR b.user_id = v_appt.tenant_id);

    IF FOUND THEN
      v_day_key := CASE extract(dow FROM p_date)::int
        WHEN 0 THEN 'sunday' WHEN 1 THEN 'monday' WHEN 2 THEN 'tuesday'
        WHEN 3 THEN 'wednesday' WHEN 4 THEN 'thursday' WHEN 5 THEN 'friday' WHEN 6 THEN 'saturday'
      END;
      v_wh := v_target_barber.working_hours -> v_day_key;

      IF v_wh IS NOT NULL AND COALESCE((v_wh ->> 'enabled')::boolean, false) THEN
        v_start_hm := v_wh ->> 'start';
        v_end_hm := v_wh ->> 'end';
        v_start_hour := split_part(v_start_hm, ':', 1)::int;
        v_start_min := split_part(v_start_hm, ':', 2)::int;
        v_end_hour := split_part(v_end_hm, ':', 1)::int;
        v_end_min := split_part(v_end_hm, ':', 2)::int;
        v_now_br := now() AT TIME ZONE 'America/Sao_Paulo';

        v_hour := v_start_hour;
        WHILE v_hour <= v_end_hour LOOP
          v_min := CASE WHEN v_hour = v_start_hour THEN v_start_min ELSE 0 END;
          WHILE v_min < 60 LOOP
            EXIT WHEN v_hour = v_end_hour AND v_min >= v_end_min;

            v_time_text := lpad(v_hour::text, 2, '0') || ':' || lpad(v_min::text, 2, '0');
            v_slot_start := (p_date::text || ' ' || v_time_text || ':00')::timestamp AT TIME ZONE 'America/Sao_Paulo';
            v_slot_end := v_slot_start + make_interval(mins => v_duration);

            IF ((p_date::text || ' ' || v_time_text || ':00')::timestamp >= v_now_br)
               AND ((v_slot_end AT TIME ZONE 'America/Sao_Paulo')::time <= v_end_hm::time) THEN
              v_is_busy := public.check_appointment_conflict(
                p_barber_id, v_slot_start, v_slot_end, p_appointment_id, v_buffer
              );
              IF NOT v_is_busy THEN
                v_times := v_times || to_jsonb(v_time_text);
              END IF;
            END IF;

            v_min := v_min + 30;
          END LOOP;
          v_hour := v_hour + 1;
        END LOOP;
      END IF;
    END IF;
  END IF;

  RETURN jsonb_build_object('success', true, 'durationMinutes', v_duration, 'barbers', v_barbers, 'times', v_times, 'bufferMinutes', v_buffer);
END;
$function$
";get_reschedule_options;p_appointment_id uuid, p_barber_id uuid, p_date date;plpgsql;false;UNSAFE;jsonb;"[""search_path=public""]";public;true;false;VOLATILE
_token uuid;get_review_by_token(uuid);"CREATE OR REPLACE FUNCTION public.get_review_by_token(_token uuid)
 RETURNS jsonb
 LANGUAGE plpgsql
 SECURITY DEFINER
 SET search_path TO 'public'
AS $function$
DECLARE
  result jsonb;
BEGIN
  SELECT jsonb_build_object(
    'id', r.id,
    'tenant_id', r.tenant_id,
    'appointment_id', r.appointment_id,
    'customer_id', r.customer_id,
    'barber_id', r.barber_id,
    'service_id', a.service_id,
    'customer_name', c.name,
    'barber_name', b.name,
    'barber_avatar', b.avatar_url,
    'barber_pix_key', CASE WHEN COALESCE(b.accepts_tips, true) THEN b.pix_key ELSE NULL END,
    'barber_pix_key_type', CASE WHEN COALESCE(b.accepts_tips, true) THEN b.pix_key_type ELSE NULL END,
    'barber_accepts_tips', COALESCE(b.accepts_tips, true),
    'barbershop_name', p.business_name,
    'barbershop_slug', p.slug,
    'service_name', s.name,
    'appointment_date', a.start_time,
    'submitted_at', r.submitted_at,
    'token_used_at', r.token_used_at,
    'already_submitted', (r.submitted_at IS NOT NULL OR r.token_used_at IS NOT NULL)
  ) INTO result
  FROM public.appointment_reviews r
  JOIN public.appointments a ON a.id = r.appointment_id
  LEFT JOIN public.customers c ON c.id = r.customer_id
  LEFT JOIN public.barbers b ON b.id = r.barber_id
  LEFT JOIN public.services s ON s.id = a.service_id
  LEFT JOIN public.profiles p ON p.id = r.tenant_id
  WHERE r.review_token = _token
  LIMIT 1;

  RETURN result;
END;
$function$
";get_review_by_token;_token uuid;plpgsql;false;UNSAFE;jsonb;"[""search_path=public""]";public;true;false;VOLATILE
;get_server_info();"CREATE OR REPLACE FUNCTION public.get_server_info()
 RETURNS jsonb
 LANGUAGE plpgsql
 SECURITY DEFINER
 SET search_path TO 'public'
AS $function$
DECLARE
    result JSONB;
BEGIN
    SELECT jsonb_build_object(
        'server_time', now(),
        'timezone', current_setting('TimeZone'),
        'br_time', now() AT TIME ZONE 'America/Bahia'
    ) INTO result;
    RETURN result;
END;
$function$
";get_server_info;;plpgsql;false;UNSAFE;jsonb;"[""search_path=public""]";public;true;false;VOLATILE
p_subscription_id uuid;get_subscriber_months(uuid);"CREATE OR REPLACE FUNCTION public.get_subscriber_months(p_subscription_id uuid)
 RETURNS integer
 LANGUAGE sql
 STABLE SECURITY DEFINER
 SET search_path TO 'public'
AS $function$
  SELECT GREATEST(0,
    EXTRACT(YEAR FROM age(now(), started_at))::int * 12
    + EXTRACT(MONTH FROM age(now(), started_at))::int
  )
  FROM public.customer_subscriptions
  WHERE id = p_subscription_id;
$function$
";get_subscriber_months;p_subscription_id uuid;sql;false;UNSAFE;integer;"[""search_path=public""]";public;true;false;STABLE
_subscription_id uuid;get_subscription_benefit_balance(uuid);"CREATE OR REPLACE FUNCTION public.get_subscription_benefit_balance(_subscription_id uuid)
 RETURNS TABLE(benefit_key text, benefit_name text, monthly_limit integer, used integer, remaining integer)
 LANGUAGE plpgsql
 STABLE SECURITY DEFINER
 SET search_path TO 'public'
AS $function$
DECLARE
  _plan_id uuid;
  _period_start timestamptz;
  _period_end timestamptz;
BEGIN
  SELECT cs.plan_id,
         COALESCE(cs.current_period_start, date_trunc('month', now())),
         COALESCE(cs.current_period_end, date_trunc('month', now()) + interval '1 month')
    INTO _plan_id, _period_start, _period_end
  FROM public.customer_subscriptions cs
  WHERE cs.id = _subscription_id;

  IF _plan_id IS NULL THEN
    RETURN;
  END IF;

  RETURN QUERY
  SELECT
    b.benefit_key,
    b.benefit_name,
    b.monthly_limit,
    COALESCE(SUM(
      CASE WHEN ul.status IN ('reserved','consumed') THEN ul.consume_quantity ELSE 0 END
    ), 0)::int AS used,
    GREATEST(
      b.monthly_limit - COALESCE(SUM(
        CASE WHEN ul.status IN ('reserved','consumed') THEN ul.consume_quantity ELSE 0 END
      ), 0),
      0
    )::int AS remaining
  FROM public.subscription_plan_benefits b
  LEFT JOIN public.subscription_usage_logs ul
    ON ul.subscription_id = _subscription_id
   AND ul.benefit_key = b.benefit_key
   AND ul.used_at >= _period_start
   AND ul.used_at < _period_end
  WHERE b.plan_id = _plan_id AND b.active = true
  GROUP BY b.benefit_key, b.benefit_name, b.monthly_limit, b.display_order
  ORDER BY b.display_order, b.benefit_name;
END;
$function$
";get_subscription_benefit_balance;_subscription_id uuid;plpgsql;false;UNSAFE;TABLE(benefit_key text, benefit_name text, monthly_limit integer, used integer, remaining integer);"[""search_path=public""]";public;true;false;STABLE
p_event_name text, p_flow_type text DEFAULT 'single'::text;get_workflow_key_for_event(text,text);"CREATE OR REPLACE FUNCTION public.get_workflow_key_for_event(p_event_name text, p_flow_type text DEFAULT 'single'::text)
 RETURNS text
 LANGUAGE plpgsql
 IMMUTABLE
 SET search_path TO 'public'
AS $function$
BEGIN
    RETURN CASE 
        WHEN p_event_name = 'appointment.created' AND p_flow_type = 'single' THEN 'confirmation_single'
        WHEN p_event_name = 'appointment.created' AND p_flow_type = 'multi' THEN 'confirmation_multi'
        WHEN p_event_name = 'appointment.completed' THEN 'post_service'
        WHEN p_event_name = 'appointment.cancelled' THEN 'appointment_cancelled'
        WHEN p_event_name = 'appointment.rescheduled' THEN 'appointment_rescheduled'
        WHEN p_event_name = 'appointment.reminder' THEN 'appointment_reminder'
        WHEN p_event_name = 'customer.birthday' THEN 'customer_birthday'
        WHEN p_event_name = 'customer.inactive' THEN 'inactive_customer'
        WHEN p_event_name = 'credit.created' THEN 'credit_created'
        WHEN p_event_name = 'cashback.created' THEN 'cashback_created'
        WHEN p_event_name = 'payment.confirmed' THEN 'payment_confirmed'
        WHEN p_event_name = 'payment.pending' THEN 'payment_pending'
        ELSE NULL
    END;
END;
$function$
";get_workflow_key_for_event;p_event_name text, p_flow_type text;plpgsql;false;UNSAFE;text;"[""search_path=public""]";public;false;false;IMMUTABLE
p_referral_id uuid;grant_subscription_referral_reward(uuid);"CREATE OR REPLACE FUNCTION public.grant_subscription_referral_reward(p_referral_id uuid)
 RETURNS jsonb
 LANGUAGE plpgsql
 SECURITY DEFINER
 SET search_path TO 'public'
AS $function$
DECLARE
  v_ref RECORD;
BEGIN
  SELECT * INTO v_ref FROM public.subscription_referrals WHERE id = p_referral_id;
  IF NOT FOUND OR v_ref.reward_granted THEN
    RETURN jsonb_build_object('success', false, 'error', 'not_found_or_already_granted');
  END IF;

  IF v_ref.reward_type = 'free_month' AND v_ref.referrer_subscription_id IS NOT NULL THEN
    UPDATE public.customer_subscriptions
    SET current_period_end = current_period_end + INTERVAL '1 month',
        next_billing_at = COALESCE(next_billing_at, current_period_end) + INTERVAL '1 month'
    WHERE id = v_ref.referrer_subscription_id;
  ELSIF v_ref.reward_type IN ('credit', 'discount') AND v_ref.reward_value > 0 THEN
    INSERT INTO public.customer_credits (tenant_id, customer_id, amount, type, status, notes)
    VALUES (v_ref.tenant_id, v_ref.referrer_customer_id, v_ref.reward_value, 'referral_reward', 'available',
            'Recompensa por indicação de assinatura');
  ELSIF v_ref.reward_type = 'cashback' AND v_ref.reward_value > 0 THEN
    UPDATE public.customers SET cashback_balance = COALESCE(cashback_balance,0) + v_ref.reward_value
    WHERE id = v_ref.referrer_customer_id;
  END IF;

  UPDATE public.subscription_referrals
  SET reward_granted = true,
      confirmed_at = COALESCE(confirmed_at, now()),
      status = 'confirmed'
  WHERE id = p_referral_id;

  RETURN jsonb_build_object('success', true);
END;
$function$
";grant_subscription_referral_reward;p_referral_id uuid;plpgsql;false;UNSAFE;jsonb;"[""search_path=public""]";public;true;false;VOLATILE
;grant_subscription_rewards();"CREATE OR REPLACE FUNCTION public.grant_subscription_rewards()
 RETURNS integer
 LANGUAGE plpgsql
 SECURITY DEFINER
 SET search_path TO 'public'
AS $function$
DECLARE
  v_sub RECORD;
  v_reward RECORD;
  v_months int;
  v_granted int := 0;
BEGIN
  FOR v_sub IN
    SELECT cs.id, cs.tenant_id, cs.customer_id, cs.plan_id
    FROM public.customer_subscriptions cs
    JOIN public.subscription_plans sp ON sp.id = cs.plan_id
    WHERE cs.status IN ('active','trialing')
      AND sp.accumulates_premium_loyalty = true
  LOOP
    v_months := public.get_subscriber_months(v_sub.id);

    FOR v_reward IN
      SELECT * FROM public.subscription_loyalty_rewards
      WHERE tenant_id = v_sub.tenant_id
        AND active = true
        AND months_required <= v_months
    LOOP
      INSERT INTO public.subscription_loyalty_history (
        tenant_id, subscription_id, customer_id, reward_id, status
      ) VALUES (
        v_sub.tenant_id, v_sub.id, v_sub.customer_id, v_reward.id, 'granted'
      )
      ON CONFLICT (subscription_id, reward_id) DO NOTHING;

      IF FOUND THEN
        v_granted := v_granted + 1;
      END IF;
    END LOOP;
  END LOOP;

  RETURN v_granted;
END;
$function$
";grant_subscription_rewards;;plpgsql;false;UNSAFE;integer;"[""search_path=public""]";public;true;false;VOLATILE
;guard_internal_test_tenant_flag();"CREATE OR REPLACE FUNCTION public.guard_internal_test_tenant_flag()
 RETURNS trigger
 LANGUAGE plpgsql
 SECURITY DEFINER
 SET search_path TO 'public'
AS $function$
BEGIN
  IF NEW.is_internal_test_tenant IS DISTINCT FROM OLD.is_internal_test_tenant THEN
    IF NOT public.has_role(auth.uid(), 'super_admin'::app_role) THEN
      RAISE EXCEPTION 'Somente super admin pode alterar is_internal_test_tenant';
    END IF;
  END IF;
  RETURN NEW;
END;
$function$
";guard_internal_test_tenant_flag;;plpgsql;false;UNSAFE;trigger;"[""search_path=public""]";public;true;false;VOLATILE
;handle_appointment_automation();"CREATE OR REPLACE FUNCTION public.handle_appointment_automation()
 RETURNS trigger
 LANGUAGE plpgsql
 SECURITY DEFINER
 SET search_path TO 'public'
AS $function$
DECLARE
  v_template_id UUID;
  v_template TEXT;
  v_active BOOLEAN;
  v_customer_name TEXT;
  v_barbershop_name TEXT;
  v_service_name TEXT;
  v_professional_name TEXT;
  v_appointment_date TEXT;
  v_appointment_time TEXT;
  v_idempotency_key TEXT;
BEGIN
  -- Get template details and active status
  SELECT id, template, active 
  INTO v_template_id, v_template, v_active
  FROM public.automation_templates
  WHERE tenant_id = NEW.tenant_id 
    AND key = 'appointment_confirmation'
  LIMIT 1;

  -- ONLY proceed if template exists AND is active
  IF v_template_id IS NOT NULL AND v_active = TRUE THEN
    -- Generate idempotency key
    v_idempotency_key := 'apt_conf_' || NEW.id;

    -- Get data for template replacement
    SELECT name INTO v_customer_name FROM public.customers WHERE id = NEW.customer_id;
    SELECT name INTO v_barbershop_name FROM public.tenants WHERE id = NEW.tenant_id;
    SELECT name INTO v_service_name FROM public.services WHERE id = NEW.service_id;
    
    -- Robust professional name resolution
    SELECT name INTO v_professional_name FROM public.barbers WHERE id = NEW.barber_id;
    IF v_professional_name IS NULL OR v_professional_name = '' THEN
       SELECT responsible_name INTO v_professional_name FROM public.profiles WHERE id = NEW.barber_id;
    END IF;
    
    -- Timezone handling: America/Sao_Paulo
    v_appointment_date := to_char(NEW.start_time AT TIME ZONE 'UTC' AT TIME ZONE 'America/Sao_Paulo', 'DD/MM/YYYY');
    v_appointment_time := to_char(NEW.start_time AT TIME ZONE 'UTC' AT TIME ZONE 'America/Sao_Paulo', 'HH24:MI');

    -- Insert into queue
    INSERT INTO public.automation_queue (
      tenant_id,
      automation_id,
      appointment_id,
      customer_id,
      payload,
      idempotency_key
    ) VALUES (
      NEW.tenant_id,
      v_template_id,
      NEW.id,
      NEW.customer_id,
      jsonb_build_object(
        'customer_name', COALESCE(v_customer_name, 'Cliente'),
        'barbershop_name', COALESCE(v_barbershop_name, 'Nossa Barbearia'),
        'service_name', COALESCE(v_service_name, 'Serviço'),
        'professional_name', COALESCE(v_professional_name, 'Profissional'),
        'appointment_date', v_appointment_date,
        'appointment_time', v_appointment_time,
        'rendered', v_template
      ),
      v_idempotency_key
    ) ON CONFLICT (idempotency_key) DO NOTHING;
  END IF;

  RETURN NEW;
END;
$function$
";handle_appointment_automation;;plpgsql;false;UNSAFE;trigger;"[""search_path=public""]";public;true;false;VOLATILE
;handle_appointment_completion();"CREATE OR REPLACE FUNCTION public.handle_appointment_completion()
 RETURNS trigger
 LANGUAGE plpgsql
 SECURITY DEFINER
 SET search_path TO 'public'
AS $function$
DECLARE
    v_profile RECORD;
    v_loyalty_points INTEGER;
    v_loyalty_reward_value NUMERIC(10,2);
    v_credits_used NUMERIC(10,2);
    v_cashback_used NUMERIC(10,2);
    v_sub_covered NUMERIC(10,2);
    v_total_price NUMERIC(10,2);
    v_fully_covered BOOLEAN;
BEGIN
    IF (TG_OP = 'UPDATE' AND NEW.status = 'completed' AND (OLD.status IS NULL OR OLD.status != 'completed')) THEN

        v_sub_covered := COALESCE(NEW.subscription_covered_amount, 0);
        v_total_price := COALESCE(NEW.total_price, 0);
        v_fully_covered := (NEW.subscription_id IS NOT NULL AND v_sub_covered > 0 AND v_sub_covered >= v_total_price);

        -- Métricas básicas sempre atualizadas
        UPDATE public.customers
        SET total_spent = COALESCE(total_spent, 0) + v_total_price,
            lifetime_value = COALESCE(lifetime_value, 0) + v_total_price,
            last_visit = NOW(),
            updated_at = NOW()
        WHERE id = NEW.customer_id;

        -- Pontos de fidelidade tradicional: BLOQUEADOS quando totalmente coberto pela assinatura
        IF NOT v_fully_covered THEN
            UPDATE public.customers
            SET loyalty_points = COALESCE(loyalty_points, 0) + 1,
                updated_at = NOW()
            WHERE id = NEW.customer_id
            RETURNING loyalty_points INTO v_loyalty_points;
        ELSE
            SELECT loyalty_points INTO v_loyalty_points FROM public.customers WHERE id = NEW.customer_id;
        END IF;

        v_credits_used := COALESCE(NEW.credits_used, NEW.credit_used, 0);
        v_cashback_used := COALESCE(NEW.cashback_used, 0);

        IF v_credits_used > 0 OR v_cashback_used > 0 THEN
            UPDATE public.customers
            SET credits_used = COALESCE(credits_used, 0) + v_credits_used,
                cashback_used = COALESCE(cashback_used, 0) + v_cashback_used,
                updated_at = NOW()
            WHERE id = NEW.customer_id;
        END IF;

        SELECT * INTO v_profile FROM public.profiles WHERE id = NEW.tenant_id;

        -- Prêmio de fidelidade (créditos) só dispara se houve incremento de ponto
        IF NOT v_fully_covered AND v_loyalty_points >= COALESCE(v_profile.free_service_threshold, 10) THEN
            UPDATE public.customers SET loyalty_points = 0 WHERE id = NEW.customer_id;
            v_loyalty_reward_value := COALESCE(v_profile.loyalty_reward_value, 10.00);

            IF v_loyalty_reward_value > 0 THEN
                INSERT INTO public.customer_credits (
                    tenant_id, customer_id, appointment_id, amount, used_amount, status, credit_type, description
                ) VALUES (
                    NEW.tenant_id, NEW.customer_id, NEW.id, v_loyalty_reward_value, 0, 'available', 'loyalty', 'Prêmio de Fidelidade'
                );

                INSERT INTO public.credit_transactions (
                    tenant_id, customer_id, appointment_id, type, amount, description
                ) VALUES (
                    NEW.tenant_id, NEW.customer_id, NEW.id, 'earned', v_loyalty_reward_value, 'Crédito de fidelidade concedido'
                );

                UPDATE public.customers
                SET credits = COALESCE(credits, 0) + v_loyalty_reward_value,
                    updated_at = NOW()
                WHERE id = NEW.customer_id;
            END IF;
        END IF;
    END IF;
    RETURN NEW;
END;
$function$
";handle_appointment_completion;;plpgsql;false;UNSAFE;trigger;"[""search_path=public""]";public;true;false;VOLATILE
;handle_appointment_completion_review_decision();"CREATE OR REPLACE FUNCTION public.handle_appointment_completion_review_decision()
 RETURNS trigger
 LANGUAGE plpgsql
 SECURITY DEFINER
 SET search_path TO 'public'
AS $function$
BEGIN
  IF TG_OP = 'INSERT' THEN
    IF NEW.status = 'completed' AND NEW.review_decision IS NULL THEN
      IF EXISTS (SELECT 1 FROM public.appointment_reviews WHERE appointment_id = NEW.id) THEN
        NEW.review_decision := 'submitted';
      ELSE
        NEW.review_decision := 'pending';
      END IF;
    END IF;
  ELSIF TG_OP = 'UPDATE' THEN
    IF NEW.status = 'completed'
       AND OLD.status IS DISTINCT FROM 'completed'
       AND NEW.review_decision IS NULL THEN
      IF EXISTS (SELECT 1 FROM public.appointment_reviews WHERE appointment_id = NEW.id) THEN
        NEW.review_decision := 'submitted';
      ELSE
        NEW.review_decision := 'pending';
      END IF;
    END IF;
  END IF;
  RETURN NEW;
END;
$function$
";handle_appointment_completion_review_decision;;plpgsql;false;UNSAFE;trigger;"[""search_path=public""]";public;true;false;VOLATILE
;handle_new_ticket_notification();"CREATE OR REPLACE FUNCTION public.handle_new_ticket_notification()
 RETURNS trigger
 LANGUAGE plpgsql
 SECURITY DEFINER
 SET search_path TO 'public'
AS $function$
BEGIN
    INSERT INTO public.admin_notifications (type, title, description, reference_id)
    VALUES ('new_ticket', 'Novo Chamado Aberto', 'Um novo chamado foi aberto por ' || (SELECT COALESCE(name, 'Barbearia') FROM public.barbershops WHERE id = NEW.barbershop_id), NEW.id);
    RETURN NEW;
END;
$function$
";handle_new_ticket_notification;;plpgsql;false;UNSAFE;trigger;"[""search_path=public""]";public;true;false;VOLATILE
;handle_new_user();"CREATE OR REPLACE FUNCTION public.handle_new_user()
 RETURNS trigger
 LANGUAGE plpgsql
 SECURITY DEFINER
 SET search_path TO 'public'
AS $function$
DECLARE
  shop_name text;
  generated_slug text;
  user_role text;
  target_tenant_id uuid;
BEGIN
  -- Determine role from metadata or default to tenant_admin
  user_role := COALESCE(new.raw_user_meta_data->>'role', 'tenant_admin');
  
  -- Logic for administrative roles (Barbershop Owners)
  IF user_role IN ('tenant_admin', 'admin', 'super_admin') THEN
    shop_name := COALESCE(new.raw_user_meta_data->>'business_name', 'Minha Barbearia');
    generated_slug := generate_unique_slug(shop_name);

    INSERT INTO public.profiles (
      id, business_name, responsible_name, email, whatsapp_number,
      barbers_range, plan, trial_end, role, status, slug
    )
    VALUES (
      new.id, shop_name, new.raw_user_meta_data->>'responsible_name',
      new.email, new.raw_user_meta_data->>'whatsapp_number',
      new.raw_user_meta_data->>'barbers_range',
      COALESCE(new.raw_user_meta_data->>'plan', 'pro'),
      CASE 
        WHEN (new.raw_user_meta_data->>'plan') = 'pro' OR new.raw_user_meta_data->>'plan' IS NULL 
        THEN (now() + interval '15 days') 
        ELSE NULL 
      END,
      user_role, 'active', generated_slug
    )
    ON CONFLICT (id) DO UPDATE SET
      business_name = EXCLUDED.business_name,
      responsible_name = EXCLUDED.responsible_name,
      email = EXCLUDED.email,
      slug = COALESCE(profiles.slug, EXCLUDED.slug);

    -- Create actual tenant record
    INSERT INTO public.barbershops (owner_id, name, slug)
    VALUES (new.id, shop_name, generated_slug)
    ON CONFLICT (owner_id) DO NOTHING;
  ELSE
    -- Logic for clients, staff, professionals (Strict Isolation: No slug, No tenant)
    target_tenant_id := (new.raw_user_meta_data->>'tenant_id')::uuid;
    
    INSERT INTO public.profiles (
      id, responsible_name, display_name, email, role, status, slug, tenant_id
    )
    VALUES (
      new.id, 
      COALESCE(new.raw_user_meta_data->>'full_name', new.raw_user_meta_data->>'responsible_name'), 
      COALESCE(new.raw_user_meta_data->>'full_name', new.raw_user_meta_data->>'responsible_name'),
      new.email, user_role, 'active', NULL, target_tenant_id
    )
    ON CONFLICT (id) DO UPDATE SET 
      role = EXCLUDED.role,
      tenant_id = COALESCE(profiles.tenant_id, EXCLUDED.tenant_id);
  END IF;

  -- Ensure RBAC record exists
  BEGIN
    INSERT INTO public.user_roles (user_id, role)
    VALUES (new.id, user_role::public.app_role)
    ON CONFLICT (user_id, role) DO NOTHING;
  EXCEPTION WHEN OTHERS THEN
    -- Fallback
  END;

  RETURN new;
END;
$function$
";handle_new_user;;plpgsql;false;UNSAFE;trigger;"[""search_path=public""]";public;true;false;VOLATILE
;handle_product_sale_status_change();"CREATE OR REPLACE FUNCTION public.handle_product_sale_status_change()
 RETURNS trigger
 LANGUAGE plpgsql
 SECURITY DEFINER
 SET search_path TO 'public'
AS $function$
DECLARE
    v_item RECORD;
BEGIN
    -- Check if status has changed
    IF (OLD.status = NEW.status) THEN
        RETURN NEW;
    END IF;

    -- Scenario 1: Sale was completed but now cancelled or refunded (Return items to stock)
    IF (OLD.status = 'completed' AND (NEW.status = 'cancelled' OR NEW.status = 'refunded')) THEN
        FOR v_item IN SELECT * FROM jsonb_to_recordset(OLD.items) AS x(product_id UUID, quantity INT)
        LOOP
            UPDATE public.products 
            SET stock_quantity = stock_quantity + v_item.quantity
            WHERE id = v_item.product_id;
        END LOOP;
    END IF;

    -- Scenario 2: Sale was cancelled or refunded but now completed (Remove items from stock)
    -- This handles cases where a user might accidentally cancel and then revert
    IF ((OLD.status = 'cancelled' OR OLD.status = 'refunded') AND NEW.status = 'completed') THEN
        FOR v_item IN SELECT * FROM jsonb_to_recordset(NEW.items) AS x(product_id UUID, quantity INT)
        LOOP
            UPDATE public.products 
            SET stock_quantity = stock_quantity - v_item.quantity
            WHERE id = v_item.product_id;
        END LOOP;
    END IF;

    RETURN NEW;
END;
$function$
";handle_product_sale_status_change;;plpgsql;false;UNSAFE;trigger;"[""search_path=public""]";public;true;false;VOLATILE
;handle_updated_at();"CREATE OR REPLACE FUNCTION public.handle_updated_at()
 RETURNS trigger
 LANGUAGE plpgsql
 SET search_path TO 'public'
AS $function$
BEGIN
    NEW.updated_at = now();
    RETURN NEW;
END;
$function$
";handle_updated_at;;plpgsql;false;UNSAFE;trigger;"[""search_path=public""]";public;false;false;VOLATILE
;handle_wallet_transaction();"CREATE OR REPLACE FUNCTION public.handle_wallet_transaction()
 RETURNS trigger
 LANGUAGE plpgsql
 SECURITY DEFINER
 SET search_path TO 'public'
AS $function$
BEGIN
    IF (NEW.type = 'credit') THEN
        UPDATE public.wallet 
        SET balance = balance + NEW.amount, updated_at = now()
        WHERE id = NEW.wallet_id;
    ELSIF (NEW.type = 'debit') THEN
        UPDATE public.wallet 
        SET balance = balance - NEW.amount, updated_at = now()
        WHERE id = NEW.wallet_id;
    END IF;
    RETURN NEW;
END;
$function$
";handle_wallet_transaction;;plpgsql;false;UNSAFE;trigger;"[""search_path=public""]";public;true;false;VOLATILE
_user_id uuid, _addon_key text, _env text DEFAULT 'live'::text;has_active_addon(uuid,text,text);"CREATE OR REPLACE FUNCTION public.has_active_addon(_user_id uuid, _addon_key text, _env text DEFAULT 'live'::text)
 RETURNS boolean
 LANGUAGE sql
 STABLE SECURITY DEFINER
 SET search_path TO 'public'
AS $function$
  SELECT EXISTS (
    SELECT 1
    FROM public.tenant_addons ta
    JOIN public.saas_addons sa ON sa.id = ta.addon_id
    WHERE ta.tenant_id = _user_id
      AND sa.addon_key = _addon_key
      AND ta.environment = _env
      AND ta.status IN ('active', 'trialing', 'past_due')
      AND (ta.current_period_end IS NULL OR ta.current_period_end > now())
  );
$function$
";has_active_addon;_user_id uuid, _addon_key text, _env text;sql;false;UNSAFE;boolean;"[""search_path=public""]";public;true;false;STABLE
_tenant_id uuid;has_active_internal_voucher(uuid);"CREATE OR REPLACE FUNCTION public.has_active_internal_voucher(_tenant_id uuid)
 RETURNS boolean
 LANGUAGE sql
 STABLE SECURITY DEFINER
 SET search_path TO 'public'
AS $function$
  SELECT EXISTS (
    SELECT 1
    FROM public.saas_admin_voucher_redemptions r
    JOIN public.saas_admin_vouchers v ON v.id = r.voucher_id
    WHERE r.tenant_id = _tenant_id
      AND r.status = 'active'
      AND v.status = 'active'
      AND v.purpose = 'internal_testing'
      AND (v.starts_at IS NULL OR v.starts_at <= now())
      AND (
        v.duration_type = 'forever'
        OR (v.duration_type = 'until_date' AND v.expires_at > now())
      )
  );
$function$
";has_active_internal_voucher;_tenant_id uuid;sql;false;UNSAFE;boolean;"[""search_path=public""]";public;true;false;STABLE
user_uuid uuid, check_env text DEFAULT 'live'::text;has_active_subscription(uuid,text);"CREATE OR REPLACE FUNCTION public.has_active_subscription(user_uuid uuid, check_env text DEFAULT 'live'::text)
 RETURNS boolean
 LANGUAGE sql
 SECURITY DEFINER
 SET search_path TO 'public'
AS $function$
  select exists (
    select 1 from public.subscriptions
    where user_id = user_uuid
    and environment = check_env
    and (
      (status in ('active', 'trialing') and (current_period_end is null or current_period_end > now()))
      or (status = 'canceled' and current_period_end > now())
    )
  );
$function$
";has_active_subscription;user_uuid uuid, check_env text;sql;false;UNSAFE;boolean;"[""search_path=public""]";public;true;false;VOLATILE
_tenant_id uuid, _module_key text;has_module(uuid,text);"CREATE OR REPLACE FUNCTION public.has_module(_tenant_id uuid, _module_key text)
 RETURNS boolean
 LANGUAGE sql
 STABLE SECURITY DEFINER
 SET search_path TO 'public'
AS $function$
  SELECT COALESCE((SELECT enabled FROM public.barbershop_modules
    WHERE tenant_id = _tenant_id AND module_key = _module_key), false);
$function$
";has_module;_tenant_id uuid, _module_key text;sql;false;UNSAFE;boolean;"[""search_path=public""]";public;true;false;STABLE
_user_id uuid, _module_key text;has_module_access(uuid,text);"CREATE OR REPLACE FUNCTION public.has_module_access(_user_id uuid, _module_key text)
 RETURNS boolean
 LANGUAGE plpgsql
 STABLE SECURITY DEFINER
 SET search_path TO 'public'
AS $function$
DECLARE
  v_plan_slug     text;
  v_allowed       jsonb;
  v_bshop_plan_id uuid;
BEGIN
  IF _user_id IS NULL OR _module_key IS NULL THEN
    RETURN true;
  END IF;

  -- Super admin bypass
  BEGIN
    IF public.is_super_admin_user() THEN
      RETURN true;
    END IF;
  EXCEPTION WHEN OTHERS THEN
    NULL;
  END;

  -- Voucher administrativo ativo → libera todos os módulos
  BEGIN
    IF public.has_active_internal_voucher(_user_id) THEN
      RETURN true;
    END IF;
  EXCEPTION WHEN OTHERS THEN
    NULL;
  END;

  -- Add-on ativo em sandbox ou live
  BEGIN
    IF public.has_active_addon(_user_id, _module_key, 'sandbox')
       OR public.has_active_addon(_user_id, _module_key, 'live') THEN
      RETURN true;
    END IF;
  EXCEPTION WHEN OTHERS THEN
    NULL;
  END;

  -- Plano via profiles.effective_plan / profiles.plan
  SELECT lower(coalesce(p.effective_plan, p.plan))
    INTO v_plan_slug
  FROM public.profiles p
  WHERE p.id = _user_id;

  IF v_plan_slug IS NOT NULL THEN
    SELECT allowed_modules INTO v_allowed FROM public.plans WHERE slug = v_plan_slug;
    IF v_allowed IS NOT NULL AND v_allowed ? _module_key THEN
      RETURN true;
    END IF;
  END IF;

  -- Fallback via barbershops.plan_id
  SELECT plan_id INTO v_bshop_plan_id
    FROM public.barbershops
   WHERE id = _user_id
   LIMIT 1;

  IF v_bshop_plan_id IS NOT NULL THEN
    SELECT allowed_modules INTO v_allowed FROM public.plans WHERE id = v_bshop_plan_id;
    IF v_allowed IS NOT NULL AND v_allowed ? _module_key THEN
      RETURN true;
    END IF;
  END IF;

  RETURN false;
EXCEPTION WHEN OTHERS THEN
  RETURN true;
END;
$function$
";has_module_access;_user_id uuid, _module_key text;plpgsql;false;UNSAFE;boolean;"[""search_path=public""]";public;true;false;STABLE
_user_id uuid, _permission_key text;has_permission(uuid,text);"CREATE OR REPLACE FUNCTION public.has_permission(_user_id uuid, _permission_key text)
 RETURNS boolean
 LANGUAGE plpgsql
 STABLE SECURITY DEFINER
 SET search_path TO 'public'
AS $function$
DECLARE
    _user_role public.app_role;
BEGIN
    -- Obter a role do usuário (priorizando a tabela user_roles)
    SELECT role INTO _user_role
    FROM public.user_roles
    WHERE user_id = _user_id
    LIMIT 1;

    -- Se for super_admin, tem todas as permissões
    IF _user_role = 'super_admin' THEN
        RETURN true;
    END IF;

    -- Verificar se a role tem a permissão associada
    RETURN EXISTS (
        SELECT 1
        FROM public.role_permissions
        WHERE role = _user_role
          AND permission_key = _permission_key
    );
END;
$function$
";has_permission;_user_id uuid, _permission_key text;plpgsql;false;UNSAFE;boolean;"[""search_path=public""]";public;true;false;STABLE
_user_id uuid, _role app_role;has_role(uuid,app_role);"CREATE OR REPLACE FUNCTION public.has_role(_user_id uuid, _role app_role)
 RETURNS boolean
 LANGUAGE sql
 STABLE SECURITY DEFINER
 SET search_path TO 'public'
AS $function$
  select exists (
    select 1
    from public.user_roles
    where user_id = _user_id
      and role = _role
  )
$function$
";has_role;_user_id uuid, _role app_role;sql;false;UNSAFE;boolean;"[""search_path=public""]";public;true;false;STABLE
p_coupon_id uuid;increment_coupon_usage(uuid);"CREATE OR REPLACE FUNCTION public.increment_coupon_usage(p_coupon_id uuid)
 RETURNS void
 LANGUAGE plpgsql
 SECURITY DEFINER
 SET search_path TO 'public'
AS $function$
BEGIN
    UPDATE public.coupons
    SET used_count = COALESCE(used_count, 0) + 1
    WHERE id = p_coupon_id;
END;
$function$
";increment_coupon_usage;p_coupon_id uuid;plpgsql;false;UNSAFE;void;"[""search_path=public""]";public;true;false;VOLATILE
p_customer_id uuid;is_active_subscriber(uuid);"CREATE OR REPLACE FUNCTION public.is_active_subscriber(p_customer_id uuid)
 RETURNS boolean
 LANGUAGE sql
 STABLE SECURITY DEFINER
 SET search_path TO 'public'
AS $function$
  SELECT EXISTS (
    SELECT 1 FROM public.customer_subscriptions
    WHERE customer_id = p_customer_id
      AND status IN ('active','trialing','past_due')
  );
$function$
";is_active_subscriber;p_customer_id uuid;sql;false;UNSAFE;boolean;"[""search_path=public""]";public;true;false;STABLE
_user_id uuid;is_internal_test_tenant(uuid);"CREATE OR REPLACE FUNCTION public.is_internal_test_tenant(_user_id uuid)
 RETURNS boolean
 LANGUAGE sql
 STABLE SECURITY DEFINER
 SET search_path TO 'public'
AS $function$
  SELECT COALESCE(
    (SELECT is_internal_test_tenant FROM public.profiles WHERE id = _user_id),
    false
  );
$function$
";is_internal_test_tenant;_user_id uuid;sql;false;UNSAFE;boolean;"[""search_path=public""]";public;true;false;STABLE
_user_id uuid;is_profile_admin(uuid);"CREATE OR REPLACE FUNCTION public.is_profile_admin(_user_id uuid)
 RETURNS boolean
 LANGUAGE sql
 STABLE SECURITY DEFINER
 SET search_path TO 'public'
AS $function$
  SELECT EXISTS (
    SELECT 1
    FROM public.profiles
    WHERE id = _user_id
      AND role = 'admin'
  );
$function$
";is_profile_admin;_user_id uuid;sql;false;UNSAFE;boolean;"[""search_path=public""]";public;true;false;STABLE
_user_id uuid;is_reception(uuid);"CREATE OR REPLACE FUNCTION public.is_reception(_user_id uuid)
 RETURNS boolean
 LANGUAGE sql
 STABLE SECURITY DEFINER
 SET search_path TO 'public'
AS $function$
  SELECT EXISTS (
    SELECT 1 FROM public.reception_permissions
    WHERE user_id = _user_id AND is_active = true
  )
$function$
";is_reception;_user_id uuid;sql;false;UNSAFE;boolean;"[""search_path=public""]";public;true;false;STABLE
;is_super_admin();"CREATE OR REPLACE FUNCTION public.is_super_admin()
 RETURNS boolean
 LANGUAGE plpgsql
 SECURITY DEFINER
 SET search_path TO 'public'
AS $function$
BEGIN
  RETURN EXISTS (
    SELECT 1 FROM public.user_roles
    WHERE user_id = auth.uid() AND role = 'super_admin'
  );
END;
$function$
";is_super_admin;;plpgsql;false;UNSAFE;boolean;"[""search_path=public""]";public;true;false;VOLATILE
;is_super_admin_user();"CREATE OR REPLACE FUNCTION public.is_super_admin_user()
 RETURNS boolean
 LANGUAGE sql
 STABLE SECURITY DEFINER
 SET search_path TO 'public'
AS $function$
  select coalesce(public.has_role(auth.uid(), 'super_admin'), false)
$function$
";is_super_admin_user;;sql;false;UNSAFE;boolean;"[""search_path=public""]";public;true;false;STABLE
;list_admin_event_catalog();"CREATE OR REPLACE FUNCTION public.list_admin_event_catalog()
 RETURNS TABLE(event_key text, category text, label text, description text, default_severity text)
 LANGUAGE sql
 STABLE
 SET search_path TO 'public'
AS $function$
  SELECT * FROM (VALUES
    ('tenant.signup',                 'growth',      'Novo cadastro',                'Uma nova barbearia se cadastrou na plataforma.',                     'info'),
    ('tenant.onboarding_completed',   'growth',      'Onboarding concluído',         'Barbearia completou o setup inicial.',                                'info'),
    ('tenant.first_appointment',      'growth',      'Primeiro agendamento',         'Barbearia registrou o primeiro agendamento.',                         'info'),
    ('subscription.created',          'growth',      'Nova assinatura',              'Uma nova assinatura SaaS foi paga.',                                  'info'),
    ('subscription.upgraded',         'growth',      'Upgrade de plano',             'Cliente subiu de plano.',                                             'info'),
    ('subscription.cancelled',        'risk',        'Cancelamento',                 'Cliente cancelou a assinatura.',                                      'warning'),
    ('subscription.downgraded',       'risk',        'Downgrade de plano',           'Cliente trocou para plano menor.',                                    'warning'),
    ('subscription.payment_failed',   'risk',        'Falha no pagamento',           'Cobrança recorrente falhou.',                                         'critical'),
    ('trial.expiring_soon',           'risk',        'Trial expirando',              'Trial acaba em até 3 dias.',                                          'warning'),
    ('tenant.inactive_7d',            'risk',        'Tenant inativo',               'Sem login/agendamento há 7 dias.',                                    'warning'),
    ('tenant.churn_risk',             'risk',        'Risco de churn',               'Tenant com sinais fortes de cancelamento próximo.',                   'warning'),
    ('support.ticket_created',        'operational', 'Novo ticket de suporte',       'Foi aberto um novo ticket.',                                          'info'),
    ('support.ticket_urgent',         'operational', 'Ticket urgente',               'Ticket marcado como urgente.',                                        'critical'),
    ('support.suggestion_created',    'growth',      'Nova sugestão',                'Uma barbearia enviou uma sugestão de melhoria.',                      'info'),
    ('payment.refund_requested',      'operational', 'Reembolso solicitado',         'Pedido de reembolso pendente.',                                       'warning'),
    ('system.error_spike',            'operational', 'Pico de erros',                'Muitos erros em pouco tempo.',                                        'critical'),
    ('whatsapp.instance_disconnected','operational', 'WhatsApp desconectado',        'Instância Z-API de um tenant caiu.',                                  'warning'),
    ('revenue.milestone',             'financial',   'Marco de receita',             'MRR/receita bateu uma meta.',                                         'info'),
    ('payment.high_value',            'financial',   'Transação alta',               'Transação acima do limite configurado.',                              'info'),
    ('review.low_rating',             'operational', 'Avaliação baixa',              'Cliente deixou avaliação ruim (≤ 2 estrelas).',                       'warning'),
    ('automation.template_broken',    'operational', 'Template de automação com erro','Falha ao renderizar/enviar template de automação.',                    'warning'),
    ('security.suspicious_login',     'operational', 'Login suspeito',               'Login de origem incomum detectado.',                                  'warning'),
    ('finance.chargeback',            'financial',   'Chargeback recebido',          'Foi aberto um chargeback contra um pagamento.',                       'critical'),
    ('admin.digest_daily',            'digest',      'Resumo diário',                'Digest diário automático das últimas 24h.',                           'info'),
    ('admin.digest_weekly',           'digest',      'Resumo semanal',               'Digest semanal automático dos últimos 7 dias.',                       'info')
  ) AS c(event_key, category, label, description, default_severity);
$function$
";list_admin_event_catalog;;sql;false;UNSAFE;TABLE(event_key text, category text, label text, description text, default_severity text);"[""search_path=public""]";public;false;false;STABLE
p_barber_id uuid, p_start timestamp with time zone, p_end timestamp with time zone, p_source text DEFAULT 'unknown'::text, p_result text DEFAULT 'conflict'::text;log_availability_conflict(uuid,timestamp with time zone,timestamp with time zone,text,text);"CREATE OR REPLACE FUNCTION public.log_availability_conflict(p_barber_id uuid, p_start timestamp with time zone, p_end timestamp with time zone, p_source text DEFAULT 'unknown'::text, p_result text DEFAULT 'conflict'::text)
 RETURNS void
 LANGUAGE plpgsql
 SECURITY DEFINER
 SET search_path TO 'public'
AS $function$
DECLARE
  v_tenant uuid;
  v_buffer integer := 0;
  v_conflicting jsonb;
BEGIN
  IF p_barber_id IS NULL OR p_start IS NULL OR p_end IS NULL THEN
    RETURN;
  END IF;

  SELECT b.user_id INTO v_tenant FROM public.barbers b WHERE b.id = p_barber_id;
  SELECT COALESCE(pr.slot_buffer_minutes, 0) INTO v_buffer
    FROM public.profiles pr WHERE pr.id = v_tenant;

  SELECT jsonb_agg(jsonb_build_object('id', a.id, 'start_time', a.start_time, 'end_time', a.end_time, 'status', a.status))
    INTO v_conflicting
  FROM public.appointments a
  WHERE a.barber_id = p_barber_id
    AND a.status NOT IN ('cancelled', 'no_show', 'completed')
    AND a.start_time < (p_end + make_interval(mins => COALESCE(v_buffer, 0)))
    AND a.end_time > (p_start - make_interval(mins => COALESCE(v_buffer, 0)));

  INSERT INTO public.availability_conflict_logs (
    tenant_id, barber_id, requested_start, requested_end, duration_minutes,
    buffer_minutes, source, result, conflicting
  ) VALUES (
    v_tenant, p_barber_id, p_start, p_end,
    GREATEST(1, (EXTRACT(EPOCH FROM (p_end - p_start)) / 60)::int),
    COALESCE(v_buffer, 0), COALESCE(p_source, 'unknown'), COALESCE(p_result, 'conflict'), v_conflicting
  );
END;
$function$
";log_availability_conflict;p_barber_id uuid, p_start timestamp with time zone, p_end timestamp with time zone, p_source text, p_result text;plpgsql;false;UNSAFE;void;"[""search_path=public""]";public;true;false;VOLATILE
;log_payment_status_change();"CREATE OR REPLACE FUNCTION public.log_payment_status_change()
 RETURNS trigger
 LANGUAGE plpgsql
 SECURITY DEFINER
 SET search_path TO 'public'
AS $function$
BEGIN
    IF (OLD.payment_status IS DISTINCT FROM NEW.payment_status) THEN
        INSERT INTO public.financial_adjustment_logs (
            appointment_id,
            tenant_id,
            reason,
            old_values,
            new_values,
            adjusted_at,
            adjusted_by
        ) VALUES (
            NEW.id,
            NEW.tenant_id,
            'Payment status updated to ' || NEW.payment_status,
            jsonb_build_object('payment_status', OLD.payment_status, 'paid_at', OLD.paid_at),
            jsonb_build_object('payment_status', NEW.payment_status, 'paid_at', NEW.paid_at),
            now(),
            auth.uid()
        );
    END IF;
    RETURN NEW;
END;
$function$
";log_payment_status_change;;plpgsql;false;UNSAFE;trigger;"[""search_path=public""]";public;true;false;VOLATILE
;log_refund_status_change();"CREATE OR REPLACE FUNCTION public.log_refund_status_change()
 RETURNS trigger
 LANGUAGE plpgsql
 SECURITY DEFINER
 SET search_path TO 'public'
AS $function$
DECLARE
    v_changes JSONB := '{}'::jsonb;
BEGIN
    IF (TG_OP = 'UPDATE') THEN
        IF (OLD.status IS DISTINCT FROM NEW.status) THEN
            v_changes := v_changes || jsonb_build_object('status', jsonb_build_object('old', OLD.status, 'new', NEW.status));
            
            INSERT INTO public.refund_audits (
                refund_id,
                tenant_id,
                changed_by_id,
                changed_by_type,
                old_status,
                new_status,
                changes
            ) VALUES (
                NEW.id,
                NEW.tenant_id,
                auth.uid(), -- Might be null if system-driven
                CASE WHEN auth.uid() IS NOT NULL THEN 'admin' ELSE 'system' END,
                OLD.status,
                NEW.status,
                v_changes
            );
        END IF;
    ELSIF (TG_OP = 'INSERT') THEN
        INSERT INTO public.refund_audits (
            refund_id,
            tenant_id,
            changed_by_id,
            changed_by_type,
            old_status,
            new_status,
            changes
        ) VALUES (
            NEW.id,
            NEW.tenant_id,
            auth.uid(),
            CASE WHEN auth.uid() IS NOT NULL THEN 'admin' ELSE 'system' END,
            NULL,
            NEW.status,
            jsonb_build_object('initial_status', NEW.status)
        );
    END IF;
    RETURN NEW;
END;
$function$
";log_refund_status_change;;plpgsql;false;UNSAFE;trigger;"[""search_path=public""]";public;true;false;VOLATILE
;notify_new_appointment();"CREATE OR REPLACE FUNCTION public.notify_new_appointment()
 RETURNS trigger
 LANGUAGE plpgsql
 SECURITY DEFINER
 SET search_path TO 'public'
AS $function$
DECLARE
    business_name_val TEXT;
    customer_name_val TEXT;
    service_name_val TEXT;
    notification_unique_key TEXT;
BEGIN
    -- Get business name
    SELECT business_name INTO business_name_val FROM public.profiles WHERE id = NEW.user_id;
    -- Get customer name
    SELECT name INTO customer_name_val FROM public.customers WHERE id = NEW.customer_id;
    -- Get service name
    SELECT name INTO service_name_val FROM public.services WHERE id = NEW.service_id;

    -- Chave única para evitar duplicidade
    notification_unique_key := 'appointment:' || NEW.id || ':barber:' || NEW.barber_id;

    -- Notificar o dono da barbearia
    INSERT INTO public.notifications (user_id, tenant_id, title, message, type, link, unique_key)
    VALUES (
        NEW.user_id,
        NEW.user_id,
        'Novo Agendamento',
        'Um novo agendamento foi realizado para ' || COALESCE(customer_name_val, 'Cliente') || ' - ' || COALESCE(service_name_val, 'Serviço'),
        'appointment',
        '/calendar',
        'appointment:' || NEW.id || ':owner'
    ) ON CONFLICT (tenant_id, type, unique_key) DO NOTHING;

    -- Notificar o barbeiro
    IF NEW.barber_id IS NOT NULL THEN
        INSERT INTO public.notifications (user_id, tenant_id, barber_id, title, message, type, link, unique_key)
        VALUES (
            NEW.user_id,
            NEW.user_id,
            NEW.barber_id,
            'Novo Agendamento para Você',
            'Você tem um novo agendamento: ' || COALESCE(customer_name_val, 'Cliente') || ' - ' || COALESCE(service_name_val, 'Serviço') || ' às ' || to_char(NEW.start_time, 'HH24:MI'),
            'appointment',
            '/' || (SELECT slug FROM profiles WHERE id = NEW.user_id) || '/profissional',
            notification_unique_key
        ) ON CONFLICT (tenant_id, type, unique_key) DO NOTHING;
    END IF;

    RETURN NEW;
END;
$function$
";notify_new_appointment;;plpgsql;false;UNSAFE;trigger;"[""search_path=public""]";public;true;false;VOLATILE
p_subscription_id uuid, p_reason text DEFAULT NULL::text, p_pause_until timestamp with time zone DEFAULT NULL::timestamp with time zone, p_notes text DEFAULT NULL::text;pause_customer_subscription(uuid,text,timestamp with time zone,text);"CREATE OR REPLACE FUNCTION public.pause_customer_subscription(p_subscription_id uuid, p_reason text DEFAULT NULL::text, p_pause_until timestamp with time zone DEFAULT NULL::timestamp with time zone, p_notes text DEFAULT NULL::text)
 RETURNS jsonb
 LANGUAGE plpgsql
 SECURITY DEFINER
 SET search_path TO 'public'
AS $function$
DECLARE
  v_sub RECORD;
  v_uid UUID := auth.uid();
BEGIN
  SELECT * INTO v_sub FROM public.customer_subscriptions
    WHERE id = p_subscription_id FOR UPDATE;
  IF NOT FOUND THEN
    RETURN jsonb_build_object('success', false, 'error', 'Assinatura não encontrada');
  END IF;
  IF v_sub.tenant_id <> v_uid AND NOT public.is_super_admin_user() THEN
    RETURN jsonb_build_object('success', false, 'error', 'Sem permissão');
  END IF;
  IF v_sub.status = 'paused' THEN
    RETURN jsonb_build_object('success', false, 'error', 'Assinatura já está pausada');
  END IF;
  IF v_sub.status NOT IN ('active','pending_payment','past_due') THEN
    RETURN jsonb_build_object('success', false, 'error', 'Só é possível pausar assinaturas ativas');
  END IF;

  UPDATE public.customer_subscriptions
     SET status = 'paused',
         paused_at = now(),
         pause_reason = p_reason,
         pause_until = p_pause_until,
         pause_notes = p_notes,
         resumed_at = NULL,
         auto_renew = false,
         updated_at = now()
   WHERE id = p_subscription_id;

  INSERT INTO public.subscription_status_logs(
    tenant_id, subscription_id, customer_id, old_status, new_status,
    reason, pause_until, notes, changed_by
  ) VALUES (
    v_sub.tenant_id, p_subscription_id, v_sub.customer_id, v_sub.status, 'paused',
    p_reason, p_pause_until, p_notes, v_uid
  );

  RETURN jsonb_build_object('success', true);
END;
$function$
";pause_customer_subscription;p_subscription_id uuid, p_reason text, p_pause_until timestamp with time zone, p_notes text;plpgsql;false;UNSAFE;jsonb;"[""search_path=public""]";public;true;false;VOLATILE
p_tenant_id uuid, p_barber_id uuid, p_commission_ids uuid[], p_paid_by uuid DEFAULT NULL::uuid;pay_barber_commissions(uuid,uuid,uuid[],uuid);"CREATE OR REPLACE FUNCTION public.pay_barber_commissions(p_tenant_id uuid, p_barber_id uuid, p_commission_ids uuid[], p_paid_by uuid DEFAULT NULL::uuid)
 RETURNS jsonb
 LANGUAGE plpgsql
 SECURITY DEFINER
 SET search_path TO 'public'
AS $function$
DECLARE
  v_count integer := 0;
  v_total numeric(10,2) := 0;
BEGIN
  IF p_commission_ids IS NULL OR array_length(p_commission_ids, 1) IS NULL THEN
    RETURN jsonb_build_object('success', false, 'error', 'no_commissions_selected');
  END IF;

  SELECT COUNT(*), COALESCE(SUM(commission_amount), 0)
    INTO v_count, v_total
  FROM public.barber_commissions
  WHERE tenant_id = p_tenant_id
    AND barber_id = p_barber_id
    AND status = 'pending'
    AND id = ANY(p_commission_ids);

  IF v_count = 0 THEN
    RETURN jsonb_build_object('success', false, 'error', 'no_pending_commissions_found');
  END IF;

  UPDATE public.barber_commissions
  SET status = 'paid',
      paid_at = now(),
      paid_by = COALESCE(p_paid_by, p_tenant_id),
      updated_at = now()
  WHERE tenant_id = p_tenant_id
    AND barber_id = p_barber_id
    AND status = 'pending'
    AND id = ANY(p_commission_ids);

  RETURN jsonb_build_object('success', true, 'paid_count', v_count, 'paid_total', v_total);
END;
$function$
";pay_barber_commissions;p_tenant_id uuid, p_barber_id uuid, p_commission_ids uuid[], p_paid_by uuid;plpgsql;false;UNSAFE;jsonb;"[""search_path=public""]";public;true;false;VOLATILE
p_barber_id uuid, p_entry_ids uuid[], p_amount numeric, p_notes text DEFAULT NULL::text;pay_commission_entries(uuid,uuid[],numeric,text);"CREATE OR REPLACE FUNCTION public.pay_commission_entries(p_barber_id uuid, p_entry_ids uuid[], p_amount numeric, p_notes text DEFAULT NULL::text)
 RETURNS jsonb
 LANGUAGE plpgsql
 SECURITY DEFINER
 SET search_path TO 'public'
AS $function$
DECLARE
  v_tenant uuid := auth.uid();
  v_total numeric(10,2) := 0;
  v_period_start date;
  v_period_end date;
  v_closing_id uuid;
  v_status text;
  v_remaining numeric(10,2);
  v_entry RECORD;
  v_pay numeric(10,2);
BEGIN
  IF v_tenant IS NULL THEN
    RETURN jsonb_build_object('success', false, 'error', 'unauthenticated');
  END IF;

  SELECT COALESCE(SUM(commission_amount - paid_amount), 0),
         MIN(earned_at)::date, MAX(earned_at)::date
    INTO v_total, v_period_start, v_period_end
    FROM public.commission_entries
   WHERE tenant_id = v_tenant
     AND barber_id = p_barber_id
     AND id = ANY(p_entry_ids)
     AND status <> 'paid';

  IF v_total <= 0 THEN
    RETURN jsonb_build_object('success', false, 'error', 'no_pending');
  END IF;

  IF p_amount >= v_total THEN
    v_status := 'paid';
  ELSE
    v_status := 'partially_paid';
  END IF;

  INSERT INTO public.commission_closings (
    tenant_id, barber_id, period_start, period_end,
    total_amount, paid_amount, status, paid_at, notes
  ) VALUES (
    v_tenant, p_barber_id, COALESCE(v_period_start, CURRENT_DATE), COALESCE(v_period_end, CURRENT_DATE),
    v_total, LEAST(p_amount, v_total), v_status, now(), p_notes
  ) RETURNING id INTO v_closing_id;

  v_remaining := LEAST(p_amount, v_total);

  FOR v_entry IN
    SELECT id, commission_amount, paid_amount
      FROM public.commission_entries
     WHERE tenant_id = v_tenant
       AND barber_id = p_barber_id
       AND id = ANY(p_entry_ids)
       AND status <> 'paid'
     ORDER BY earned_at ASC
  LOOP
    EXIT WHEN v_remaining <= 0;
    v_pay := LEAST(v_remaining, v_entry.commission_amount - v_entry.paid_amount);

    UPDATE public.commission_entries
       SET paid_amount = paid_amount + v_pay,
           status = CASE
             WHEN paid_amount + v_pay >= commission_amount THEN 'paid'
             ELSE 'partially_paid'
           END,
           closing_id = v_closing_id,
           updated_at = now()
     WHERE id = v_entry.id;

    v_remaining := v_remaining - v_pay;
  END LOOP;

  RETURN jsonb_build_object('success', true, 'closing_id', v_closing_id, 'total', v_total, 'paid', LEAST(p_amount, v_total));
END;
$function$
";pay_commission_entries;p_barber_id uuid, p_entry_ids uuid[], p_amount numeric, p_notes text;plpgsql;false;UNSAFE;jsonb;"[""search_path=public""]";public;true;false;VOLATILE
_token text, _phone text;perform_qr_checkin(text,text);"CREATE OR REPLACE FUNCTION public.perform_qr_checkin(_token text, _phone text)
 RETURNS jsonb
 LANGUAGE plpgsql
 SECURITY DEFINER
 SET search_path TO 'public'
AS $function$
DECLARE
  v_tenant UUID;
  v_customer_id UUID;
  v_appt public.appointments%ROWTYPE;
BEGIN
  SELECT id INTO v_tenant FROM public.profiles WHERE checkin_token = _token LIMIT 1;
  IF v_tenant IS NULL THEN
    RETURN jsonb_build_object('ok', false, 'error', 'invalid_token');
  END IF;
  SELECT id INTO v_customer_id FROM public.customers
    WHERE tenant_id = v_tenant AND regexp_replace(phone, '\D', '', 'g') = regexp_replace(_phone, '\D', '', 'g')
    LIMIT 1;
  IF v_customer_id IS NULL THEN
    RETURN jsonb_build_object('ok', false, 'error', 'customer_not_found');
  END IF;
  SELECT * INTO v_appt FROM public.appointments
    WHERE tenant_id = v_tenant AND customer_id = v_customer_id
      AND start_time::date = (now() AT TIME ZONE 'America/Sao_Paulo')::date
      AND status IN ('confirmed','scheduled','pending')
    ORDER BY start_time ASC LIMIT 1;
  IF v_appt.id IS NULL THEN
    RETURN jsonb_build_object('ok', false, 'error', 'no_appointment_today', 'customer_id', v_customer_id);
  END IF;
  INSERT INTO public.appointment_checkins (appointment_id, tenant_id, customer_id, source)
    VALUES (v_appt.id, v_tenant, v_customer_id, 'qr')
    ON CONFLICT (appointment_id) DO NOTHING;
  RETURN jsonb_build_object(
    'ok', true,
    'appointment_id', v_appt.id,
    'start_time', v_appt.start_time,
    'customer_id', v_customer_id
  );
END;
$function$
";perform_qr_checkin;_token text, _phone text;plpgsql;false;UNSAFE;jsonb;"[""search_path=public""]";public;true;false;VOLATILE
p_subscription_id uuid, p_new_plan_id uuid;preview_subscription_plan_change(uuid,uuid);"CREATE OR REPLACE FUNCTION public.preview_subscription_plan_change(p_subscription_id uuid, p_new_plan_id uuid)
 RETURNS jsonb
 LANGUAGE plpgsql
 SECURITY DEFINER
 SET search_path TO 'public'
AS $function$
DECLARE
  v_sub RECORD;
  v_old_plan RECORD;
  v_new_plan RECORD;
  v_now TIMESTAMPTZ := now();
  v_total_days INT;
  v_days_remaining INT;
  v_old_price NUMERIC;
  v_new_price NUMERIC;
  v_credit NUMERIC;
  v_new_prorated NUMERIC;
  v_net NUMERIC;
  v_change_type TEXT;
BEGIN
  SELECT * INTO v_sub FROM public.customer_subscriptions WHERE id = p_subscription_id;
  IF NOT FOUND THEN RETURN jsonb_build_object('success', false, 'error', 'Assinatura não encontrada'); END IF;

  SELECT * INTO v_old_plan FROM public.subscription_plans WHERE id = v_sub.plan_id;
  SELECT * INTO v_new_plan FROM public.subscription_plans WHERE id = p_new_plan_id;
  IF v_new_plan IS NULL THEN RETURN jsonb_build_object('success', false, 'error', 'Novo plano não encontrado'); END IF;

  v_total_days := GREATEST(1, EXTRACT(DAY FROM (v_sub.current_period_end - v_sub.current_period_start))::INT);
  v_days_remaining := GREATEST(0, EXTRACT(DAY FROM (v_sub.current_period_end - v_now))::INT);

  v_old_price := COALESCE(v_old_plan.monthly_price, 0);
  v_new_price := COALESCE(v_new_plan.monthly_price, 0);

  v_credit := ROUND((v_old_price * v_days_remaining / v_total_days)::NUMERIC, 2);
  v_new_prorated := ROUND((v_new_price * v_days_remaining / v_total_days)::NUMERIC, 2);
  v_net := v_new_prorated - v_credit;

  IF v_new_price > v_old_price THEN v_change_type := 'upgrade';
  ELSIF v_new_price < v_old_price THEN v_change_type := 'downgrade';
  ELSE v_change_type := 'same';
  END IF;

  RETURN jsonb_build_object(
    'success', true,
    'old_plan_id', v_sub.plan_id,
    'old_plan_name', v_old_plan.name,
    'old_price', v_old_price,
    'new_plan_id', p_new_plan_id,
    'new_plan_name', v_new_plan.name,
    'new_price', v_new_price,
    'days_in_cycle', v_total_days,
    'days_remaining', v_days_remaining,
    'proration_credit', v_credit,
    'proration_charge', v_new_prorated,
    'net_amount', v_net,
    'change_type', v_change_type
  );
END;
$function$
";preview_subscription_plan_change;p_subscription_id uuid, p_new_plan_id uuid;plpgsql;false;UNSAFE;jsonb;"[""search_path=public""]";public;true;false;VOLATILE
p_user_id uuid, p_customer_id uuid, p_total_amount numeric, p_items jsonb, p_pix_key text;process_product_sale(uuid,uuid,numeric,jsonb,text);"CREATE OR REPLACE FUNCTION public.process_product_sale(p_user_id uuid, p_customer_id uuid, p_total_amount numeric, p_items jsonb, p_pix_key text)
 RETURNS uuid
 LANGUAGE plpgsql
 SECURITY DEFINER
 SET search_path TO 'public'
AS $function$
DECLARE
    v_sale_id UUID;
    v_item RECORD;
BEGIN
    -- 1. Insert the sale record
    INSERT INTO public.product_sales (user_id, customer_id, total_amount, items, pix_key, status)
    VALUES (p_user_id, p_customer_id, p_total_amount, p_items, p_pix_key, 'completed')
    RETURNING id INTO v_sale_id;

    -- 2. Update stock for each item
    FOR v_item IN SELECT * FROM jsonb_to_recordset(p_items) AS x(product_id UUID, quantity INT)
    LOOP
        UPDATE public.products 
        SET stock_quantity = stock_quantity - v_item.quantity
        WHERE id = v_item.product_id AND user_id = p_user_id;
    END LOOP;

    RETURN v_sale_id;
END;
$function$
";process_product_sale;p_user_id uuid, p_customer_id uuid, p_total_amount numeric, p_items jsonb, p_pix_key text;plpgsql;false;UNSAFE;uuid;"[""search_path=public""]";public;true;false;VOLATILE
;process_subscription_loyalty_rewards();"CREATE OR REPLACE FUNCTION public.process_subscription_loyalty_rewards()
 RETURNS jsonb
 LANGUAGE plpgsql
 SECURITY DEFINER
 SET search_path TO 'public'
AS $function$
DECLARE
  v_sub RECORD;
  v_reward RECORD;
  v_customer RECORD;
  v_plan RECORD;
  v_template RECORD;
  v_barbershop_name TEXT;
  v_months int;
  v_cycle int;
  v_history_id uuid;
  v_idem text;
  v_granted int := 0;
  v_notified int := 0;
  v_errors int := 0;
BEGIN
  FOR v_sub IN
    SELECT cs.id, cs.tenant_id, cs.customer_id, cs.plan_id,
           COALESCE(cs.started_at, cs.created_at) AS start_date
    FROM public.customer_subscriptions cs
    JOIN public.subscription_plans sp ON sp.id = cs.plan_id
    WHERE cs.status IN ('active','trialing')
      AND sp.accumulates_premium_loyalty = true
  LOOP
    v_months := GREATEST(0,
      EXTRACT(YEAR FROM age(now(), v_sub.start_date))::int * 12
      + EXTRACT(MONTH FROM age(now(), v_sub.start_date))::int
    );
    -- Ciclo: 1 por instância de assinatura (subscription_id já isola ciclos)
    v_cycle := 1;

    FOR v_reward IN
      SELECT * FROM public.subscription_loyalty_rewards
      WHERE tenant_id = v_sub.tenant_id
        AND active = true
        AND months_required <= v_months
      ORDER BY months_required ASC
    LOOP
      -- Insere histórico (idempotente via unique constraint)
      INSERT INTO public.subscription_loyalty_history (
        tenant_id, customer_id, subscription_id, reward_id,
        reward_cycle, reward_description, status, granted_at
      ) VALUES (
        v_sub.tenant_id, v_sub.customer_id, v_sub.id, v_reward.id,
        v_cycle, v_reward.description, 'granted', now()
      )
      ON CONFLICT (tenant_id, customer_id, subscription_id, reward_id, reward_cycle) DO NOTHING
      RETURNING id INTO v_history_id;

      IF v_history_id IS NULL THEN
        CONTINUE; -- já existia, não duplica nem notifica
      END IF;

      v_granted := v_granted + 1;

      -- Enfileira WhatsApp (Motor V2)
      BEGIN
        SELECT id, template, active INTO v_template
        FROM public.automation_templates
        WHERE tenant_id = v_sub.tenant_id AND key = 'subscription_reward_unlocked'
        LIMIT 1;

        IF v_template.id IS NULL OR v_template.active IS NOT TRUE THEN
          UPDATE public.subscription_loyalty_history
          SET notification_error = 'template_not_found_or_inactive'
          WHERE id = v_history_id;
          v_errors := v_errors + 1;
          CONTINUE;
        END IF;

        SELECT id, name, phone INTO v_customer FROM public.customers WHERE id = v_sub.customer_id;
        IF v_customer.phone IS NULL OR v_customer.phone = '' THEN
          UPDATE public.subscription_loyalty_history
          SET notification_error = 'missing_customer_phone'
          WHERE id = v_history_id;
          v_errors := v_errors + 1;
          CONTINUE;
        END IF;

        SELECT name, monthly_price INTO v_plan FROM public.subscription_plans WHERE id = v_sub.plan_id;
        SELECT COALESCE(business_name, full_name, 'Nossa Barbearia') INTO v_barbershop_name
        FROM public.profiles WHERE id = v_sub.tenant_id;

        v_idem := 'sub_reward_' || v_history_id::text;

        INSERT INTO public.automation_queue (
          tenant_id, automation_id, customer_id, automation_type, workflow_key,
          event_name, status, scheduled_for, attempts, idempotency_key, payload
        ) VALUES (
          v_sub.tenant_id, v_template.id, v_sub.customer_id,
          'subscription_reward_unlocked', 'subscription_reward_unlocked',
          'subscription.reward_unlocked', 'pending', now(), 0, v_idem,
          jsonb_build_object(
            'customer_name', COALESCE(v_customer.name, 'Cliente'),
            'barbershop_name', v_barbershop_name,
            'plan_name', COALESCE(v_plan.name, 'Plano'),
            'reward_description', v_reward.description,
            'tenure_months', v_months,
            'subscription_id', v_sub.id,
            'reward_id', v_reward.id,
            'history_id', v_history_id,
            'reward_cycle', v_cycle,
            'rendered', v_template.template
          )
        )
        ON CONFLICT (idempotency_key) WHERE status <> 'error' DO NOTHING;

        UPDATE public.subscription_loyalty_history
        SET notification_sent = true,
            notification_sent_at = now(),
            notification_error = NULL
        WHERE id = v_history_id;

        v_notified := v_notified + 1;
      EXCEPTION WHEN OTHERS THEN
        UPDATE public.subscription_loyalty_history
        SET notification_error = SQLERRM
        WHERE id = v_history_id;
        v_errors := v_errors + 1;
      END;
    END LOOP;
  END LOOP;

  RETURN jsonb_build_object(
    'granted', v_granted,
    'notified', v_notified,
    'errors', v_errors,
    'ran_at', now()
  );
END;
$function$
";process_subscription_loyalty_rewards;;plpgsql;false;UNSAFE;jsonb;"[""search_path=public""]";public;true;false;VOLATILE
p_tenant_id uuid;process_subscription_loyalty_rewards(uuid);"CREATE OR REPLACE FUNCTION public.process_subscription_loyalty_rewards(p_tenant_id uuid)
 RETURNS TABLE(granted_count integer, subscription_id uuid, reward_id uuid)
 LANGUAGE plpgsql
 SECURITY DEFINER
 SET search_path TO 'public'
AS $function$
DECLARE
  v_sub RECORD;
  v_reward RECORD;
  v_months integer;
  v_count integer := 0;
BEGIN
  FOR v_sub IN
    SELECT cs.id, cs.customer_id, cs.tenant_id, cs.plan_id,
           COALESCE(cs.started_at, cs.created_at) AS start_date,
           sp.accumulates_premium_loyalty
    FROM public.customer_subscriptions cs
    JOIN public.subscription_plans sp ON sp.id = cs.plan_id
    WHERE cs.tenant_id = p_tenant_id
      AND cs.status = 'active'
      AND sp.accumulates_premium_loyalty = true
  LOOP
    v_months := GREATEST(0, EXTRACT(YEAR FROM age(now(), v_sub.start_date))::int * 12
                          + EXTRACT(MONTH FROM age(now(), v_sub.start_date))::int);

    FOR v_reward IN
      SELECT * FROM public.subscription_loyalty_rewards
      WHERE tenant_id = p_tenant_id
        AND active = true
        AND months_required <= v_months
    LOOP
      IF NOT EXISTS (
        SELECT 1 FROM public.subscription_loyalty_history
        WHERE subscription_id = v_sub.id AND reward_id = v_reward.id
      ) THEN
        INSERT INTO public.subscription_loyalty_history
          (tenant_id, customer_id, subscription_id, reward_id, status, granted_at)
        VALUES
          (p_tenant_id, v_sub.customer_id, v_sub.id, v_reward.id, 'granted', now());
        v_count := v_count + 1;
        granted_count := v_count;
        subscription_id := v_sub.id;
        reward_id := v_reward.id;
        RETURN NEXT;
      END IF;
    END LOOP;
  END LOOP;
  RETURN;
END;
$function$
";process_subscription_loyalty_rewards;p_tenant_id uuid;plpgsql;false;UNSAFE;TABLE(granted_count integer, subscription_id uuid, reward_id uuid);"[""search_path=public""]";public;true;false;VOLATILE
;protect_role_column();"CREATE OR REPLACE FUNCTION public.protect_role_column()
 RETURNS trigger
 LANGUAGE plpgsql
 SET search_path TO 'public'
AS $function$
BEGIN
  -- If the role is being changed
  IF OLD.role IS DISTINCT FROM NEW.role THEN
    -- Only allow if the requester is a super_admin
    IF NOT public.is_super_admin() THEN
      -- Also allow the first super_admin to be created if there are NO super_admins yet (optional, but let's stick to the ""manual via DB"" rule)
      -- The user specifically said: ""O sistema deve permitir criar o primeiro super_admin manualmente pelo banco de dados.""
      -- Manual updates via SQL (like what I'm doing now or what an admin would do in the Supabase dashboard) bypass triggers if not careful, 
      -- but usually security definer functions and RLS are what we care about.
      -- Actually, triggers run even for DB updates. But the check `public.is_super_admin()` uses `auth.uid()`.
      -- If updating via SQL directly in the dashboard, `auth.uid()` is null, so it might block it.
      
      IF auth.uid() IS NOT NULL THEN
        RAISE EXCEPTION 'Only super_admins can change roles.';
      END IF;
    END IF;
  END IF;
  RETURN NEW;
END;
$function$
";protect_role_column;;plpgsql;false;UNSAFE;trigger;"[""search_path=public""]";public;false;false;VOLATILE
p_tenant_id uuid, p_from date DEFAULT NULL::date, p_to date DEFAULT NULL::date;recalculate_barber_commissions(uuid,date,date);"CREATE OR REPLACE FUNCTION public.recalculate_barber_commissions(p_tenant_id uuid, p_from date DEFAULT NULL::date, p_to date DEFAULT NULL::date)
 RETURNS integer
 LANGUAGE plpgsql
 SECURITY DEFINER
 SET search_path TO 'public'
AS $function$
DECLARE
  v_appt RECORD;
  v_count integer := 0;
BEGIN
  IF p_tenant_id IS DISTINCT FROM auth.uid() AND NOT public.is_super_admin() THEN
    RETURN 0;
  END IF;
  FOR v_appt IN
    SELECT id FROM public.appointments
     WHERE tenant_id = p_tenant_id
       AND status = 'completed'
       AND (p_from IS NULL OR completed_at::date >= p_from)
       AND (p_to   IS NULL OR completed_at::date <= p_to)
  LOOP
    PERFORM public.calculate_commission_for_appointment(v_appt.id);
    v_count := v_count + 1;
  END LOOP;
  RETURN v_count;
END;
$function$
";recalculate_barber_commissions;p_tenant_id uuid, p_from date, p_to date;plpgsql;false;UNSAFE;integer;"[""search_path=public""]";public;true;false;VOLATILE
p_customer_id uuid;recalculate_customer_cashback_balance(uuid);"CREATE OR REPLACE FUNCTION public.recalculate_customer_cashback_balance(p_customer_id uuid)
 RETURNS numeric
 LANGUAGE plpgsql
 SECURITY DEFINER
 SET search_path TO 'public'
AS $function$
DECLARE
    v_earned NUMERIC(10,2);
    v_used NUMERIC(10,2);
    v_refunded NUMERIC(10,2);
    v_expired NUMERIC(10,2);
    v_balance NUMERIC(10,2);
BEGIN
    -- Soma ganhos ( earned, cashback_earned, granted )
    SELECT COALESCE(SUM(amount), 0) INTO v_earned
    FROM public.cashback_transactions
    WHERE customer_id = p_customer_id AND type IN ('earned', 'cashback_earned', 'granted');

    -- Soma utilizados ( used, cashback_used )
    SELECT COALESCE(SUM(amount), 0) INTO v_used
    FROM public.cashback_transactions
    WHERE customer_id = p_customer_id AND type IN ('used', 'cashback_used');

    -- Soma devolvidos ( refunded, cashback_refund )
    SELECT COALESCE(SUM(amount), 0) INTO v_refunded
    FROM public.cashback_transactions
    WHERE customer_id = p_customer_id AND type IN ('refunded', 'cashback_refund');

    -- Soma expirados
    SELECT COALESCE(SUM(amount), 0) INTO v_expired
    FROM public.cashback_transactions
    WHERE customer_id = p_customer_id AND type IN ('expired');

    v_balance := v_earned - v_used + v_refunded - v_expired;

    -- Atualiza a tabela customers
    UPDATE public.customers
    SET cashback_balance = v_balance
    WHERE id = p_customer_id;

    RETURN v_balance;
END;
$function$
";recalculate_customer_cashback_balance;p_customer_id uuid;plpgsql;false;UNSAFE;numeric;"[""search_path=public""]";public;true;false;VOLATILE
p_customer_id uuid;recalculate_customer_credit_balance(uuid);"CREATE OR REPLACE FUNCTION public.recalculate_customer_credit_balance(p_customer_id uuid)
 RETURNS numeric
 LANGUAGE plpgsql
 SECURITY DEFINER
 SET search_path TO 'public'
AS $function$
DECLARE
    v_earned NUMERIC(10,2);
    v_used NUMERIC(10,2);
    v_refunded NUMERIC(10,2);
    v_balance NUMERIC(10,2);
BEGIN
    -- Tabela credit_transactions
    SELECT COALESCE(SUM(amount), 0) INTO v_earned
    FROM public.credit_transactions
    WHERE customer_id = p_customer_id AND type IN ('earned', 'credit_earned', 'granted', 'purchase', 'payout');

    SELECT COALESCE(SUM(amount), 0) INTO v_used
    FROM public.credit_transactions
    WHERE customer_id = p_customer_id AND type IN ('used', 'credit_used');

    SELECT COALESCE(SUM(amount), 0) INTO v_refunded
    FROM public.credit_transactions
    WHERE customer_id = p_customer_id AND type IN ('refunded', 'credit_refund');

    v_balance := v_earned - v_used + v_refunded;

    -- Atualiza a tabela customers
    UPDATE public.customers
    SET credits = v_balance
    WHERE id = p_customer_id;

    RETURN v_balance;
END;
$function$
";recalculate_customer_credit_balance;p_customer_id uuid;plpgsql;false;UNSAFE;numeric;"[""search_path=public""]";public;true;false;VOLATILE
_user_id uuid, _action text;reception_can(uuid,text);"CREATE OR REPLACE FUNCTION public.reception_can(_user_id uuid, _action text)
 RETURNS boolean
 LANGUAGE sql
 STABLE SECURITY DEFINER
 SET search_path TO 'public'
AS $function$
  SELECT COALESCE(
    (SELECT (permissions ->> _action)::boolean
     FROM public.reception_permissions
     WHERE user_id = _user_id AND is_active = true
     LIMIT 1),
    false
  )
$function$
";reception_can;_user_id uuid, _action text;sql;false;UNSAFE;boolean;"[""search_path=public""]";public;true;false;STABLE
_user_id uuid;reception_tenant_id(uuid);"CREATE OR REPLACE FUNCTION public.reception_tenant_id(_user_id uuid)
 RETURNS uuid
 LANGUAGE sql
 STABLE SECURITY DEFINER
 SET search_path TO 'public'
AS $function$
  SELECT tenant_id
  FROM public.reception_permissions
  WHERE user_id = _user_id AND is_active = true
  LIMIT 1
$function$
";reception_tenant_id;_user_id uuid;sql;false;UNSAFE;uuid;"[""search_path=public""]";public;true;false;STABLE
;reception_touch_updated_at();"CREATE OR REPLACE FUNCTION public.reception_touch_updated_at()
 RETURNS trigger
 LANGUAGE plpgsql
 SET search_path TO 'public'
AS $function$
BEGIN
  NEW.updated_at = now();
  RETURN NEW;
END;
$function$
";reception_touch_updated_at;;plpgsql;false;UNSAFE;trigger;"[""search_path=public""]";public;false;false;VOLATILE
;reconcile_automation_logs();"CREATE OR REPLACE FUNCTION public.reconcile_automation_logs()
 RETURNS void
 LANGUAGE plpgsql
 SET search_path TO 'public'
AS $function$
BEGIN
  -- Marca logs de botões enviados há mais de 24h sem clique como 'expired' ou similar (opcional, aqui apenas registramos para estatística)
  -- Poderia ser usado para limpar zapi_webhook_debug antigos também
  DELETE FROM public.zapi_webhook_debug WHERE created_at < now() - interval '3 days';
END;
$function$
";reconcile_automation_logs;;plpgsql;false;UNSAFE;void;"[""search_path=public""]";public;false;false;VOLATILE
;reconcile_expired_addons();"CREATE OR REPLACE FUNCTION public.reconcile_expired_addons()
 RETURNS TABLE(tenant_id uuid, addon_id uuid, expired_at timestamp with time zone)
 LANGUAGE plpgsql
 SECURITY DEFINER
 SET search_path TO 'public'
AS $function$
DECLARE
  v_rec RECORD;
BEGIN
  FOR v_rec IN
    SELECT ta.id, ta.tenant_id, ta.addon_id, ta.current_period_end
    FROM public.tenant_addons ta
    WHERE ta.cancel_at_period_end = true
      AND ta.current_period_end IS NOT NULL
      AND ta.current_period_end < now()
      AND ta.status <> 'canceled'
  LOOP
    UPDATE public.tenant_addons
    SET status = 'canceled',
        cancelled_at = COALESCE(cancelled_at, now()),
        updated_at = now()
    WHERE id = v_rec.id;

    -- Log admin event (best effort)
    BEGIN
      INSERT INTO public.admin_event_log (event_type, payload, created_at)
      VALUES (
        'addon.expired',
        jsonb_build_object(
          'tenant_id', v_rec.tenant_id,
          'addon_id', v_rec.addon_id,
          'expired_at', v_rec.current_period_end
        ),
        now()
      );
    EXCEPTION WHEN OTHERS THEN NULL;
    END;

    tenant_id := v_rec.tenant_id;
    addon_id := v_rec.addon_id;
    expired_at := v_rec.current_period_end;
    RETURN NEXT;
  END LOOP;
END;
$function$
";reconcile_expired_addons;;plpgsql;false;UNSAFE;TABLE(tenant_id uuid, addon_id uuid, expired_at timestamp with time zone);"[""search_path=public""]";public;true;false;VOLATILE
p_reward_id uuid, p_appointment_id uuid, p_applied_cost numeric DEFAULT 0;redeem_loyalty_reward(uuid,uuid,numeric);"CREATE OR REPLACE FUNCTION public.redeem_loyalty_reward(p_reward_id uuid, p_appointment_id uuid, p_applied_cost numeric DEFAULT 0)
 RETURNS jsonb
 LANGUAGE plpgsql
 SECURITY DEFINER
 SET search_path TO 'public'
AS $function$
DECLARE
    v_reward RECORD;
    v_cost NUMERIC(10,2);
BEGIN
    SELECT * INTO v_reward FROM public.loyalty_rewards WHERE id = p_reward_id FOR UPDATE;
    IF v_reward.id IS NULL THEN
        RETURN jsonb_build_object('success', false, 'error', 'reward_not_found');
    END IF;
    IF v_reward.status <> 'available' THEN
        RETURN jsonb_build_object('success', false, 'error', 'reward_not_available');
    END IF;
    IF v_reward.expires_at IS NOT NULL AND v_reward.expires_at < now() THEN
        UPDATE public.loyalty_rewards SET status = 'expired' WHERE id = p_reward_id;
        RETURN jsonb_build_object('success', false, 'error', 'reward_expired');
    END IF;

    v_cost := COALESCE(p_applied_cost, 0);
    IF v_reward.max_benefit_value > 0 AND v_cost > v_reward.max_benefit_value THEN
        v_cost := v_reward.max_benefit_value;
    END IF;

    UPDATE public.loyalty_rewards
    SET status = 'redeemed',
        redeemed_at = now(),
        redeemed_appointment_id = p_appointment_id,
        barbershop_cost = v_cost
    WHERE id = p_reward_id;

    RETURN jsonb_build_object('success', true, 'reward_id', p_reward_id, 'barbershop_cost', v_cost);
END;
$function$
";redeem_loyalty_reward;p_reward_id uuid, p_appointment_id uuid, p_applied_cost numeric;plpgsql;false;UNSAFE;jsonb;"[""search_path=public""]";public;true;false;VOLATILE
p_history_id uuid, p_notes text DEFAULT NULL::text;redeem_subscription_reward(uuid,text);"CREATE OR REPLACE FUNCTION public.redeem_subscription_reward(p_history_id uuid, p_notes text DEFAULT NULL::text)
 RETURNS subscription_loyalty_history
 LANGUAGE plpgsql
 SECURITY DEFINER
 SET search_path TO 'public'
AS $function$
DECLARE
  v_row public.subscription_loyalty_history;
BEGIN
  UPDATE public.subscription_loyalty_history
  SET status = 'redeemed',
      redeemed_at = now(),
      notes = COALESCE(p_notes, notes),
      updated_at = now()
  WHERE id = p_history_id AND status = 'granted'
  RETURNING * INTO v_row;

  IF v_row.id IS NULL THEN
    RAISE EXCEPTION 'Recompensa não encontrada ou já resgatada';
  END IF;
  RETURN v_row;
END;
$function$
";redeem_subscription_reward;p_history_id uuid, p_notes text;plpgsql;false;UNSAFE;subscription_loyalty_history;"[""search_path=public""]";public;true;false;VOLATILE
p_subscription_id uuid;regenerate_subscription_card_token(uuid);"CREATE OR REPLACE FUNCTION public.regenerate_subscription_card_token(p_subscription_id uuid)
 RETURNS jsonb
 LANGUAGE plpgsql
 SECURITY DEFINER
 SET search_path TO 'public'
AS $function$
DECLARE
  v_sub RECORD;
  v_uid UUID := auth.uid();
  v_new TEXT;
BEGIN
  SELECT * INTO v_sub FROM public.customer_subscriptions
    WHERE id = p_subscription_id FOR UPDATE;
  IF NOT FOUND THEN
    RETURN jsonb_build_object('success', false, 'error', 'not_found');
  END IF;
  IF v_sub.tenant_id <> v_uid AND NOT public.is_super_admin_user() THEN
    RETURN jsonb_build_object('success', false, 'error', 'forbidden');
  END IF;
  v_new := encode(gen_random_bytes(24), 'hex');
  UPDATE public.customer_subscriptions
     SET card_token = v_new,
         card_token_issued_at = now(),
         card_token_revoked_at = NULL,
         updated_at = now()
   WHERE id = p_subscription_id;
  RETURN jsonb_build_object('success', true, 'card_token', v_new);
END;
$function$
";regenerate_subscription_card_token;p_subscription_id uuid;plpgsql;false;UNSAFE;jsonb;"[""search_path=public""]";public;true;false;VOLATILE
_token uuid, _amount numeric, _note text DEFAULT NULL::text;register_pix_tip(uuid,numeric,text);"CREATE OR REPLACE FUNCTION public.register_pix_tip(_token uuid, _amount numeric, _note text DEFAULT NULL::text)
 RETURNS jsonb
 LANGUAGE plpgsql
 SECURITY DEFINER
 SET search_path TO 'public'
AS $function$
DECLARE
  v_rev RECORD;
  v_barber RECORD;
  v_tip_id UUID;
BEGIN
  IF _amount IS NULL OR _amount <= 0 THEN
    RETURN jsonb_build_object('success', false, 'error', 'Valor inválido');
  END IF;

  SELECT r.tenant_id, r.barber_id, r.customer_id, r.appointment_id
    INTO v_rev
  FROM public.appointment_reviews r
  WHERE r.review_token = _token
  LIMIT 1;

  IF v_rev IS NULL OR v_rev.barber_id IS NULL THEN
    RETURN jsonb_build_object('success', false, 'error', 'Link inválido');
  END IF;

  SELECT id, pix_key, accepts_tips INTO v_barber
  FROM public.barbers WHERE id = v_rev.barber_id;

  IF NOT COALESCE(v_barber.accepts_tips, true) OR v_barber.pix_key IS NULL THEN
    RETURN jsonb_build_object('success', false, 'error', 'Barbeiro não aceita gorjetas digitais');
  END IF;

  INSERT INTO public.barber_tips (
    tenant_id, barber_id, appointment_id, customer_id, amount, method, status, source, note
  ) VALUES (
    v_rev.tenant_id, v_rev.barber_id, v_rev.appointment_id, v_rev.customer_id,
    _amount, 'pix', 'pending', 'review_link', NULLIF(_note, '')
  )
  RETURNING id INTO v_tip_id;

  RETURN jsonb_build_object('success', true, 'tip_id', v_tip_id);
END;
$function$
";register_pix_tip;_token uuid, _amount numeric, _note text;plpgsql;false;UNSAFE;jsonb;"[""search_path=public""]";public;true;false;VOLATILE
_endpoint text, _p256dh text, _auth text, _user_agent text DEFAULT NULL::text, _customer_phone text DEFAULT NULL::text, _tenant_id uuid DEFAULT NULL::uuid, _audience text DEFAULT 'customer'::text;register_push_subscription(text,text,text,text,text,uuid,text);"CREATE OR REPLACE FUNCTION public.register_push_subscription(_endpoint text, _p256dh text, _auth text, _user_agent text DEFAULT NULL::text, _customer_phone text DEFAULT NULL::text, _tenant_id uuid DEFAULT NULL::uuid, _audience text DEFAULT 'customer'::text)
 RETURNS jsonb
 LANGUAGE plpgsql
 SECURITY DEFINER
 SET search_path TO 'public'
AS $function$
DECLARE
  v_uid UUID := auth.uid();
  v_id UUID;
BEGIN
  IF _endpoint IS NULL OR _p256dh IS NULL OR _auth IS NULL THEN
    RETURN jsonb_build_object('success', false, 'error', 'missing_fields');
  END IF;

  INSERT INTO public.push_subscriptions
    (user_id, customer_phone, tenant_id, endpoint, p256dh, auth, user_agent, audience, active, last_seen_at)
  VALUES
    (v_uid, _customer_phone, _tenant_id, _endpoint, _p256dh, _auth, _user_agent, COALESCE(_audience,'customer'), true, now())
  ON CONFLICT (endpoint) DO UPDATE SET
    user_id = COALESCE(EXCLUDED.user_id, public.push_subscriptions.user_id),
    customer_phone = COALESCE(EXCLUDED.customer_phone, public.push_subscriptions.customer_phone),
    tenant_id = COALESCE(EXCLUDED.tenant_id, public.push_subscriptions.tenant_id),
    p256dh = EXCLUDED.p256dh,
    auth = EXCLUDED.auth,
    user_agent = EXCLUDED.user_agent,
    audience = EXCLUDED.audience,
    active = true,
    last_seen_at = now(),
    updated_at = now()
  RETURNING id INTO v_id;

  RETURN jsonb_build_object('success', true, 'id', v_id);
END;
$function$
";register_push_subscription;_endpoint text, _p256dh text, _auth text, _user_agent text, _customer_phone text, _tenant_id uuid, _audience text;plpgsql;false;UNSAFE;jsonb;"[""search_path=public""]";public;true;false;VOLATILE
p_subscription_id uuid, p_referral_code text, p_reward_type text DEFAULT 'free_month'::text, p_reward_value numeric DEFAULT 0, p_reward_description text DEFAULT NULL::text;register_subscription_referral(uuid,text,text,numeric,text);"CREATE OR REPLACE FUNCTION public.register_subscription_referral(p_subscription_id uuid, p_referral_code text, p_reward_type text DEFAULT 'free_month'::text, p_reward_value numeric DEFAULT 0, p_reward_description text DEFAULT NULL::text)
 RETURNS jsonb
 LANGUAGE plpgsql
 SECURITY DEFINER
 SET search_path TO 'public'
AS $function$
DECLARE
  v_new_sub RECORD;
  v_validation JSONB;
  v_ref_id UUID;
BEGIN
  SELECT * INTO v_new_sub FROM public.customer_subscriptions WHERE id = p_subscription_id;
  IF NOT FOUND THEN
    RETURN jsonb_build_object('success', false, 'error', 'subscription_not_found');
  END IF;

  v_validation := public.validate_subscription_referral_code(v_new_sub.tenant_id, p_referral_code, v_new_sub.customer_id);
  IF NOT (v_validation->>'valid')::boolean THEN
    RETURN jsonb_build_object('success', false, 'error', v_validation->>'reason');
  END IF;

  UPDATE public.customer_subscriptions
  SET referred_by_code = UPPER(TRIM(p_referral_code)),
      referred_by_subscription_id = (v_validation->>'referrer_subscription_id')::uuid
  WHERE id = p_subscription_id;

  INSERT INTO public.subscription_referrals (
    tenant_id, referrer_customer_id, referrer_subscription_id,
    referred_customer_id, subscription_id, referral_code,
    status, reward_type, reward_value, reward_description
  ) VALUES (
    v_new_sub.tenant_id,
    (v_validation->>'referrer_customer_id')::uuid,
    (v_validation->>'referrer_subscription_id')::uuid,
    v_new_sub.customer_id,
    v_new_sub.id,
    UPPER(TRIM(p_referral_code)),
    'pending',
    p_reward_type,
    COALESCE(p_reward_value, 0),
    p_reward_description
  )
  ON CONFLICT (subscription_id) DO NOTHING
  RETURNING id INTO v_ref_id;

  RETURN jsonb_build_object('success', true, 'referral_id', v_ref_id);
END;
$function$
";register_subscription_referral;p_subscription_id uuid, p_referral_code text, p_reward_type text, p_reward_value numeric, p_reward_description text;plpgsql;false;UNSAFE;jsonb;"[""search_path=public""]";public;true;false;VOLATILE
p_sale_id uuid;remove_comanda_item(uuid);"CREATE OR REPLACE FUNCTION public.remove_comanda_item(p_sale_id uuid)
 RETURNS jsonb
 LANGUAGE plpgsql
 SECURITY DEFINER
 SET search_path TO 'public'
AS $function$
DECLARE
  v_sale RECORD;
  v_tenant UUID;
  v_item JSONB;
  v_qty INTEGER;
  v_prod_id UUID;
BEGIN
  SELECT * INTO v_sale FROM public.product_sales WHERE id = p_sale_id;
  IF NOT FOUND OR v_sale.appointment_id IS NULL THEN
    RAISE EXCEPTION 'sale_not_found';
  END IF;

  v_tenant := public.assert_comanda_access(v_sale.appointment_id);

  -- Restore stock for each item
  FOR v_item IN SELECT * FROM jsonb_array_elements(COALESCE(v_sale.items, '[]'::jsonb)) LOOP
    v_prod_id := (v_item->>'id')::uuid;
    v_qty := COALESCE((v_item->>'quantity')::int, 1);
    IF v_prod_id IS NOT NULL THEN
      UPDATE public.products SET stock_quantity = COALESCE(stock_quantity,0) + v_qty WHERE id = v_prod_id;
    END IF;
  END LOOP;

  -- Delete transaction linked to this sale (best-effort by description marker; safer: nothing)
  DELETE FROM public.transactions
    WHERE appointment_id = v_sale.appointment_id
      AND category = 'Venda de Produto'
      AND amount = v_sale.total_amount
      AND description LIKE 'Comanda:%';

  -- Bump appointment totals down + remove item entry with sale_id
  UPDATE public.appointments a
    SET items = COALESCE((
          SELECT jsonb_agg(el)
          FROM jsonb_array_elements(COALESCE(a.items, '[]'::jsonb)) AS el
          WHERE COALESCE(el->>'sale_id','') <> p_sale_id::text
        ), '[]'::jsonb),
        total_price = GREATEST(0, COALESCE(a.total_price,0) - v_sale.total_amount),
        final_amount = GREATEST(0, COALESCE(a.final_amount,0) - v_sale.total_amount),
        updated_at = now()
    WHERE a.id = v_sale.appointment_id;

  DELETE FROM public.product_sales WHERE id = p_sale_id;

  RETURN jsonb_build_object('success', true);
END;
$function$
";remove_comanda_item;p_sale_id uuid;plpgsql;false;UNSAFE;jsonb;"[""search_path=public""]";public;true;false;VOLATILE
_event_key text, _payload jsonb, _fallback_title text, _fallback_message text;render_admin_template(text,jsonb,text,text);"CREATE OR REPLACE FUNCTION public.render_admin_template(_event_key text, _payload jsonb, _fallback_title text, _fallback_message text)
 RETURNS TABLE(title text, message text)
 LANGUAGE plpgsql
 STABLE
 SET search_path TO 'public'
AS $function$
DECLARE
  tpl_row public.admin_event_templates;
  rendered_title   text;
  rendered_message text;
  k text;
  v text;
BEGIN
  SELECT * INTO tpl_row FROM public.admin_event_templates WHERE event_key = _event_key;
  IF NOT FOUND THEN
    title := _fallback_title;
    message := _fallback_message;
    RETURN NEXT;
    RETURN;
  END IF;

  rendered_title := tpl_row.title_tpl;
  rendered_message := tpl_row.message_tpl;

  IF _payload IS NOT NULL THEN
    FOR k, v IN SELECT key, COALESCE(value #>> '{}', '') FROM jsonb_each(_payload) LOOP
      rendered_title := replace(rendered_title, '{{' || k || '}}', v);
      rendered_message := replace(rendered_message, '{{' || k || '}}', v);
    END LOOP;
  END IF;

  -- Fallbacks se template ainda estiver vazio
  IF rendered_title IS NULL OR rendered_title = '' THEN rendered_title := _fallback_title; END IF;
  IF rendered_message IS NULL OR rendered_message = '' THEN rendered_message := _fallback_message; END IF;

  title := rendered_title;
  message := rendered_message;
  RETURN NEXT;
END;
$function$
";render_admin_template;_event_key text, _payload jsonb, _fallback_title text, _fallback_message text;plpgsql;false;UNSAFE;TABLE(title text, message text);"[""search_path=public""]";public;false;false;STABLE
p_appointment_id uuid, p_customer_id uuid, p_tenant_id uuid, p_amount numeric, p_pix_key text, p_pix_key_type text, p_account_holder_name text, p_notes text DEFAULT NULL::text;request_appointment_refund(uuid,uuid,uuid,numeric,text,text,text,text);"CREATE OR REPLACE FUNCTION public.request_appointment_refund(p_appointment_id uuid, p_customer_id uuid, p_tenant_id uuid, p_amount numeric, p_pix_key text, p_pix_key_type text, p_account_holder_name text, p_notes text DEFAULT NULL::text)
 RETURNS jsonb
 LANGUAGE plpgsql
 SECURITY DEFINER
 SET search_path TO 'public'
AS $function$
 DECLARE
     v_existing_refund_id UUID;
     v_existing_credit_id UUID;
     v_refund_id UUID;
 BEGIN
     -- 1. Check if refund already exists for this appointment (not rejected/cancelled)
     SELECT id INTO v_existing_refund_id
     FROM public.refund_requests
     WHERE appointment_id = p_appointment_id
     AND status NOT IN ('rejected', 'cancelled');

     IF v_existing_refund_id IS NOT NULL THEN
         RETURN jsonb_build_object('success', false, 'error', 'Já existe uma solicitação de estorno ativa para este agendamento.');
     END IF;

     -- 2. Check if credit already exists for this appointment
     SELECT id INTO v_existing_credit_id
     FROM public.customer_credits
     WHERE appointment_id = p_appointment_id
     AND status != 'cancelled';

     IF v_existing_credit_id IS NOT NULL THEN
         RETURN jsonb_build_object('success', false, 'error', 'O valor deste agendamento já foi convertido em crédito.');
     END IF;

     -- 3. Update appointment status
     UPDATE public.appointments
     SET 
         status = 'cancelled',
         cancelled_at = now(),
         customer_action_source = 'link_publico',
         refund_status = 'refund_requested',
         refund_type = 'refund'
     WHERE id = p_appointment_id;

     -- 4. Create refund request
     INSERT INTO public.refund_requests (
         tenant_id,
         appointment_id,
         customer_id,
         amount,
         pix_key,
         pix_type,
         holder_name,
         notes,
         status,
         created_at
     ) VALUES (
         p_tenant_id,
         p_appointment_id,
         p_customer_id,
         p_amount,
         p_pix_key,
         p_pix_key_type,
         p_account_holder_name,
         p_notes,
         'requested',
         now()
     ) RETURNING id INTO v_refund_id;

     RETURN jsonb_build_object('success', true, 'refund_id', v_refund_id);
 END;
$function$
";request_appointment_refund;p_appointment_id uuid, p_customer_id uuid, p_tenant_id uuid, p_amount numeric, p_pix_key text, p_pix_key_type text, p_account_holder_name text, p_notes text;plpgsql;false;UNSAFE;jsonb;"[""search_path=public""]";public;true;false;VOLATILE
_subscription_id uuid, _new_plan_id uuid;request_subscription_plan_change(uuid,uuid);"CREATE OR REPLACE FUNCTION public.request_subscription_plan_change(_subscription_id uuid, _new_plan_id uuid)
 RETURNS jsonb
 LANGUAGE plpgsql
 SECURITY DEFINER
 SET search_path TO 'public'
AS $function$
DECLARE
  v_sub public.customer_subscriptions%ROWTYPE;
  v_old public.subscription_plans%ROWTYPE;
  v_new public.subscription_plans%ROWTYPE;
  v_change_type text;
  v_days_remaining int;
  v_days_in_cycle int;
  v_change_id uuid;
BEGIN
  SELECT * INTO v_sub FROM public.customer_subscriptions WHERE id = _subscription_id;
  IF NOT FOUND THEN
    RAISE EXCEPTION 'Assinatura não encontrada';
  END IF;

  SELECT * INTO v_new FROM public.subscription_plans WHERE id = _new_plan_id AND tenant_id = v_sub.tenant_id AND active = true;
  IF NOT FOUND THEN
    RAISE EXCEPTION 'Plano de destino inválido';
  END IF;

  SELECT * INTO v_old FROM public.subscription_plans WHERE id = v_sub.plan_id;

  IF v_old.id = v_new.id THEN
    RAISE EXCEPTION 'Você já está neste plano';
  END IF;

  v_change_type := CASE
    WHEN v_new.monthly_price > COALESCE(v_old.monthly_price, 0) THEN 'upgrade'
    WHEN v_new.monthly_price < COALESCE(v_old.monthly_price, 0) THEN 'downgrade'
    ELSE 'same'
  END;

  v_days_in_cycle := GREATEST(1, EXTRACT(DAY FROM (v_sub.current_period_end - v_sub.current_period_start))::int);
  v_days_remaining := GREATEST(0, EXTRACT(DAY FROM (v_sub.current_period_end - now()))::int);

  INSERT INTO public.subscription_plan_changes (
    tenant_id, customer_id, subscription_id, old_plan_id, new_plan_id,
    old_price, new_price, days_remaining, days_in_cycle,
    change_type, effective_date, notes
  ) VALUES (
    v_sub.tenant_id, v_sub.customer_id, v_sub.id, v_old.id, v_new.id,
    COALESCE(v_old.monthly_price, 0), v_new.monthly_price, v_days_remaining, v_days_in_cycle,
    v_change_type,
    CASE WHEN v_change_type = 'downgrade' THEN v_sub.current_period_end ELSE now() END,
    'Solicitado pelo cliente via portal'
  ) RETURNING id INTO v_change_id;

  IF v_change_type = 'upgrade' OR v_change_type = 'same' THEN
    UPDATE public.customer_subscriptions
    SET plan_id = v_new.id,
        metadata = COALESCE(metadata, '{}'::jsonb) - 'pending_plan_id' - 'pending_plan_name',
        updated_at = now()
    WHERE id = v_sub.id;
  ELSE
    -- downgrade: store pending change, applied at renewal
    UPDATE public.customer_subscriptions
    SET metadata = COALESCE(metadata, '{}'::jsonb)
                   || jsonb_build_object('pending_plan_id', v_new.id::text, 'pending_plan_name', v_new.name),
        updated_at = now()
    WHERE id = v_sub.id;
  END IF;

  RETURN jsonb_build_object(
    'change_id', v_change_id,
    'change_type', v_change_type,
    'applied', v_change_type IN ('upgrade','same'),
    'effective_at', CASE WHEN v_change_type = 'downgrade' THEN v_sub.current_period_end ELSE now() END
  );
END $function$
";request_subscription_plan_change;_subscription_id uuid, _new_plan_id uuid;plpgsql;false;UNSAFE;jsonb;"[""search_path=public""]";public;true;false;VOLATILE
p_appointment_id uuid, p_new_start_time timestamp with time zone, p_new_end_time timestamp with time zone, p_changed_by_type text DEFAULT 'system'::text, p_changed_by_id uuid DEFAULT NULL::uuid, p_source text DEFAULT 'rpc'::text, p_metadata jsonb DEFAULT '{}'::jsonb, p_new_barber_id uuid DEFAULT NULL::uuid;reschedule_appointment(uuid,timestamp with time zone,timestamp with time zone,text,uuid,text,jsonb,uuid);"CREATE OR REPLACE FUNCTION public.reschedule_appointment(p_appointment_id uuid, p_new_start_time timestamp with time zone, p_new_end_time timestamp with time zone, p_changed_by_type text DEFAULT 'system'::text, p_changed_by_id uuid DEFAULT NULL::uuid, p_source text DEFAULT 'rpc'::text, p_metadata jsonb DEFAULT '{}'::jsonb, p_new_barber_id uuid DEFAULT NULL::uuid)
 RETURNS jsonb
 LANGUAGE plpgsql
 SECURITY DEFINER
 SET search_path TO 'public'
AS $function$
DECLARE
  v_appt          record;
  v_barber        record;
  v_svc_link      integer;
  v_conflict      integer;
  v_old_start     timestamp with time zone;
  v_old_end       timestamp with time zone;
  v_old_barber_id uuid;
  v_new_barber_id uuid;
  v_barber_changed boolean := false;
  v_day_key       text;
  v_wh            jsonb;
  v_wh_enabled    boolean;
  v_wh_start      text;
  v_wh_end        text;
  v_local_start   timestamp;
  v_local_end     timestamp;
  v_start_hm      text;
  v_end_hm        text;
  v_log_created   boolean := false;
  v_log_error     text;
  v_old_snapshot  jsonb;
  v_new_snapshot  jsonb;
BEGIN
  SELECT * INTO v_appt FROM public.appointments WHERE id = p_appointment_id;
  IF NOT FOUND THEN
    RETURN jsonb_build_object('success', false, 'error', 'Agendamento não encontrado');
  END IF;

  IF v_appt.status = 'cancelled' THEN
    RETURN jsonb_build_object('success', false, 'error', 'Não é possível reagendar um agendamento cancelado');
  END IF;
  IF v_appt.status = 'completed' THEN
    RETURN jsonb_build_object('success', false, 'error', 'Não é possível reagendar um agendamento já concluído');
  END IF;

  IF v_appt.appointment_group_id IS NOT NULL AND p_new_barber_id IS NOT NULL
     AND p_new_barber_id <> v_appt.barber_id THEN
    RETURN jsonb_build_object(
      'success', false,
      'error', 'Reagendamento de combos ainda não permite troca de profissional'
    );
  END IF;

  v_old_start     := v_appt.start_time;
  v_old_end       := v_appt.end_time;
  v_old_barber_id := v_appt.barber_id;
  v_new_barber_id := COALESCE(p_new_barber_id, v_appt.barber_id);
  v_barber_changed := (v_new_barber_id IS DISTINCT FROM v_old_barber_id);

  SELECT jsonb_build_object(
    'id', a.id,
    'tenant_id', a.tenant_id,
    'customer_id', a.customer_id,
    'service_id', a.service_id,
    'professional_id', a.barber_id,
    'barber_id', a.barber_id,
    'start_time', a.start_time,
    'end_time', a.end_time,
    'payment_method', a.payment_method,
    'management_token', a.management_token,
    'appointment_group_id', a.appointment_group_id,
    'total_price', COALESCE(a.total_price, s.price, 0),
    'customer', jsonb_build_object(
      'id', c.id,
      'name', c.name,
      'phone', c.phone
    ),
    'service', jsonb_build_object(
      'id', s.id,
      'name', s.name,
      'price', COALESCE(a.total_price, s.price, 0)
    ),
    'professional', jsonb_build_object(
      'id', b.id,
      'name', b.name,
      'phone', b.phone
    )
  ) INTO v_old_snapshot
  FROM public.appointments a
  LEFT JOIN public.customers c ON c.id = a.customer_id
  LEFT JOIN public.services s ON s.id = a.service_id
  LEFT JOIN public.barbers b ON b.id = a.barber_id
  WHERE a.id = p_appointment_id;

  IF v_barber_changed THEN
    SELECT * INTO v_barber
      FROM public.barbers
     WHERE id = v_new_barber_id
       AND tenant_id = v_appt.tenant_id;

    IF NOT FOUND THEN
      RETURN jsonb_build_object('success', false, 'error', 'Profissional não encontrado nesta barbearia');
    END IF;
    IF COALESCE(v_barber.active, false) = false THEN
      RETURN jsonb_build_object('success', false, 'error', 'Profissional inativo');
    END IF;

    IF v_appt.service_id IS NOT NULL THEN
      SELECT count(*) INTO v_svc_link
        FROM public.barber_services
       WHERE barber_id = v_new_barber_id
         AND service_id = v_appt.service_id;
      IF v_svc_link = 0 THEN
        RETURN jsonb_build_object('success', false, 'error', 'Profissional não realiza este serviço');
      END IF;
    END IF;

    v_wh := v_barber.working_hours;
    IF v_wh IS NULL OR v_wh = '{}'::jsonb THEN
      RETURN jsonb_build_object('success', false, 'error', 'Profissional sem agenda configurada');
    END IF;
  END IF;

  IF v_barber_changed THEN
    v_wh := v_barber.working_hours;
  ELSE
    SELECT working_hours INTO v_wh FROM public.barbers WHERE id = v_new_barber_id;
  END IF;

  IF v_wh IS NOT NULL AND v_wh <> '{}'::jsonb THEN
    v_local_start := (p_new_start_time AT TIME ZONE 'America/Sao_Paulo');
    v_local_end   := (p_new_end_time   AT TIME ZONE 'America/Sao_Paulo');
    v_day_key := CASE extract(dow FROM v_local_start)::int
      WHEN 0 THEN 'sunday' WHEN 1 THEN 'monday' WHEN 2 THEN 'tuesday'
      WHEN 3 THEN 'wednesday' WHEN 4 THEN 'thursday' WHEN 5 THEN 'friday'
      WHEN 6 THEN 'saturday' END;
    v_wh_enabled := COALESCE((v_wh -> v_day_key ->> 'enabled')::boolean, false);
    v_wh_start   := v_wh -> v_day_key ->> 'start';
    v_wh_end     := v_wh -> v_day_key ->> 'end';

    IF NOT v_wh_enabled THEN
      RETURN jsonb_build_object('success', false, 'error', 'Profissional não trabalha neste dia');
    END IF;

    v_start_hm := to_char(v_local_start, 'HH24:MI');
    v_end_hm   := to_char(v_local_end,   'HH24:MI');
    IF v_wh_start IS NOT NULL AND v_start_hm < v_wh_start THEN
      RETURN jsonb_build_object('success', false, 'error', 'Horário fora do expediente do profissional');
    END IF;
    IF v_wh_end IS NOT NULL AND v_end_hm > v_wh_end THEN
      RETURN jsonb_build_object('success', false, 'error', 'Horário fora do expediente do profissional');
    END IF;
  END IF;

  SELECT count(*) INTO v_conflict
    FROM public.appointments
   WHERE barber_id = v_new_barber_id
     AND id <> p_appointment_id
     AND status NOT IN ('cancelled', 'no_show')
     AND start_time < p_new_end_time
     AND end_time   > p_new_start_time;

  IF v_conflict > 0 THEN
    RETURN jsonb_build_object(
      'success', false,
      'error',   'Este horário acabou de ser ocupado. Escolha outro horário.',
      'code',    'slot_taken'
    );
  END IF;

  UPDATE public.appointments
     SET start_time = p_new_start_time,
         end_time   = p_new_end_time,
         barber_id  = v_new_barber_id,
         updated_at = now(),
         updated_by_type = p_changed_by_type,
         updated_by_id   = p_changed_by_id,
         customer_action_source = CASE
           WHEN p_changed_by_type = 'customer' THEN p_source
           ELSE customer_action_source
         END
   WHERE id = p_appointment_id;

  SELECT jsonb_build_object(
    'id', a.id,
    'tenant_id', a.tenant_id,
    'customer_id', a.customer_id,
    'service_id', a.service_id,
    'professional_id', a.barber_id,
    'barber_id', a.barber_id,
    'start_time', a.start_time,
    'end_time', a.end_time,
    'payment_method', a.payment_method,
    'management_token', a.management_token,
    'appointment_group_id', a.appointment_group_id,
    'total_price', COALESCE(a.total_price, s.price, 0),
    'customer', jsonb_build_object(
      'id', c.id,
      'name', c.name,
      'phone', c.phone
    ),
    'service', jsonb_build_object(
      'id', s.id,
      'name', s.name,
      'price', COALESCE(a.total_price, s.price, 0)
    ),
    'professional', jsonb_build_object(
      'id', b.id,
      'name', b.name,
      'phone', b.phone
    )
  ) INTO v_new_snapshot
  FROM public.appointments a
  LEFT JOIN public.customers c ON c.id = a.customer_id
  LEFT JOIN public.services s ON s.id = a.service_id
  LEFT JOIN public.barbers b ON b.id = a.barber_id
  WHERE a.id = p_appointment_id;

  BEGIN
    INSERT INTO public.appointment_status_logs (
      appointment_id, old_status, new_status,
      status_before, status_after,
      changed_by_type, changed_by_id, source, metadata
    ) VALUES (
      p_appointment_id,
      v_appt.status, v_appt.status,
      v_appt.status, v_appt.status,
      p_changed_by_type, p_changed_by_id, p_source,
      p_metadata || jsonb_build_object(
        'action',              CASE WHEN v_barber_changed THEN 'reschedule_with_barber_change' ELSE 'reschedule' END,
        'old_start',           v_old_start,
        'new_start',           p_new_start_time,
        'old_end',             v_old_end,
        'new_end',             p_new_end_time,
        'previous_barber_id',  v_old_barber_id,
        'new_barber_id',       v_new_barber_id,
        'barber_changed',      v_barber_changed,
        'changed_at',          now()
      )
    );
    v_log_created := true;
  EXCEPTION WHEN OTHERS THEN
    v_log_error := SQLERRM;
  END;

  RETURN jsonb_build_object(
    'success',            true,
    'barber_changed',     v_barber_changed,
    'previous_barber_id', v_old_barber_id,
    'new_barber_id',      v_new_barber_id,
    'oldAppointment',     v_old_snapshot,
    'newAppointment',     v_new_snapshot,
    'actor_type',         p_changed_by_type,
    'actor_id',           p_changed_by_id,
    'source',             p_source,
    'log_created',        v_log_created,
    'log_error',          v_log_error
  );
END;
$function$
";reschedule_appointment;p_appointment_id uuid, p_new_start_time timestamp with time zone, p_new_end_time timestamp with time zone, p_changed_by_type text, p_changed_by_id uuid, p_source text, p_metadata jsonb, p_new_barber_id uuid;plpgsql;false;UNSAFE;jsonb;"[""search_path=public""]";public;true;false;VOLATILE
;reserve_usage_log_on_appointment_insert();"CREATE OR REPLACE FUNCTION public.reserve_usage_log_on_appointment_insert()
 RETURNS trigger
 LANGUAGE plpgsql
 SECURITY DEFINER
 SET search_path TO 'public'
AS $function$
DECLARE
  v_service_name text;
  v_qty integer;
  v_period_start timestamptz;
  v_period_end timestamptz;
BEGIN
  IF NEW.subscription_id IS NOT NULL
     AND COALESCE(NEW.subscription_covered_amount, 0) > 0
     AND COALESCE(NEW.status, '') NOT IN ('cancelled','canceled','no_show') THEN

    SELECT name INTO v_service_name FROM public.services WHERE id = NEW.service_id;
    v_qty := public._compute_consume_quantity(v_service_name);

    SELECT current_period_start, current_period_end INTO v_period_start, v_period_end
      FROM public.customer_subscriptions WHERE id = NEW.subscription_id;

    INSERT INTO public.subscription_usage_logs (
      tenant_id, subscription_id, customer_id, appointment_id, service_id,
      benefit_type, covered_amount, extra_amount, consume_quantity,
      status, used_at, period_start, period_end
    ) VALUES (
      NEW.tenant_id, NEW.subscription_id, NEW.customer_id, NEW.id, NEW.service_id,
      'service',
      COALESCE(NEW.subscription_covered_amount, 0),
      GREATEST(0, COALESCE(NEW.total_price, 0) - COALESCE(NEW.subscription_covered_amount, 0)),
      v_qty,
      CASE WHEN NEW.status = 'completed' THEN 'consumed' ELSE 'reserved' END,
      COALESCE(NEW.start_time, now()),
      v_period_start, v_period_end
    )
    ON CONFLICT (appointment_id) WHERE appointment_id IS NOT NULL
    DO UPDATE SET
      consume_quantity = GREATEST(public.subscription_usage_logs.consume_quantity, EXCLUDED.consume_quantity),
      covered_amount = EXCLUDED.covered_amount,
      extra_amount = EXCLUDED.extra_amount;
  END IF;
  RETURN NEW;
END;
$function$
";reserve_usage_log_on_appointment_insert;;plpgsql;false;UNSAFE;trigger;"[""search_path=public""]";public;true;false;VOLATILE
_tenant_id uuid;resolve_tenant_billing_context(uuid);"CREATE OR REPLACE FUNCTION public.resolve_tenant_billing_context(_tenant_id uuid)
 RETURNS jsonb
 LANGUAGE plpgsql
 STABLE SECURITY DEFINER
 SET search_path TO 'public'
AS $function$
DECLARE
  v_profile record;
  v_sub record;
  v_plan record;
  v_voucher record;
  v_addons_total numeric := 0;
  v_original numeric := 0;
  v_discount numeric := 0;
  v_final numeric := 0;
  v_has_voucher boolean := false;
BEGIN
  -- AUTHZ: só o próprio tenant ou super_admin
  IF auth.uid() IS NULL THEN
    RETURN jsonb_build_object('error','unauthenticated');
  END IF;
  IF auth.uid() <> _tenant_id AND NOT public.has_role(auth.uid(),'super_admin') THEN
    RETURN jsonb_build_object('error','forbidden');
  END IF;

  SELECT id, email, business_name, plan
    INTO v_profile
    FROM public.profiles
    WHERE id = _tenant_id;

  IF v_profile.id IS NULL THEN
    RETURN jsonb_build_object('error','tenant_not_found','tenant_id',_tenant_id);
  END IF;

  SELECT *
    INTO v_sub
    FROM public.subscriptions
    WHERE user_id = _tenant_id
    ORDER BY created_at DESC
    LIMIT 1;

  SELECT id, name, slug, price_monthly
    INTO v_plan
    FROM public.plans
    WHERE slug = COALESCE(v_profile.plan, 'starter')
    LIMIT 1;

  v_original := COALESCE(v_plan.price_monthly, 0);

  SELECT COALESCE(SUM(unit_price * COALESCE(quantity,1)), 0)
    INTO v_addons_total
    FROM public.tenant_addons
    WHERE tenant_id = _tenant_id
      AND status IN ('active','trialing');

  SELECT v.*
    INTO v_voucher
    FROM public.saas_admin_vouchers v
    JOIN public.saas_admin_voucher_redemptions r ON r.voucher_id = v.id
    WHERE r.tenant_id = _tenant_id
      AND r.status = 'active'
      AND v.status = 'active'
      AND v.revoked_at IS NULL
      AND (v.expires_at IS NULL OR v.expires_at > now())
    ORDER BY r.applied_at DESC
    LIMIT 1;

  v_has_voucher := v_voucher.id IS NOT NULL;

  IF v_has_voucher THEN
    v_discount := ROUND(((v_original + v_addons_total) * COALESCE(v_voucher.discount_percentage,0) / 100)::numeric, 2);
  END IF;

  v_final := GREATEST((v_original + v_addons_total) - v_discount, 0);

  RETURN jsonb_build_object(
    'tenant_id', v_profile.id,
    'tenant_name', v_profile.business_name,
    'tenant_email', v_profile.email,
    'plan_slug', v_profile.plan,
    'plan_name', COALESCE(v_plan.name, v_profile.plan),
    'stripe_subscription_status', COALESCE(v_sub.stripe_subscription_status, v_sub.status),
    'stripe_subscription_id', v_sub.stripe_subscription_id,
    'billing_status', COALESCE(v_sub.billing_status,
      CASE WHEN v_has_voucher THEN 'voucher_active' ELSE 'active_paid' END),
    'billing_source', COALESCE(v_sub.billing_source,
      CASE WHEN v_has_voucher THEN 'voucher' ELSE 'stripe' END),
    'is_internal_test_tenant', COALESCE(v_sub.is_internal_test_tenant, false)
      OR (v_has_voucher AND v_voucher.purpose = 'internal_testing'),
    'has_active_voucher', v_has_voucher,
    'voucher', CASE WHEN v_has_voucher THEN jsonb_build_object(
      'id', v_voucher.id,
      'name', v_voucher.name,
      'purpose', v_voucher.purpose,
      'duration_type', v_voucher.duration_type,
      'starts_at', v_voucher.starts_at,
      'expires_at', v_voucher.expires_at,
      'discount_percentage', v_voucher.discount_percentage,
      'includes_all_addons', v_voucher.includes_all_addons,
      'requires_payment_method', v_voucher.requires_payment_method,
      'applied_at', v_voucher.applied_at
    ) ELSE NULL END,
    'original_monthly_amount', v_original,
    'addons_monthly_amount', v_addons_total,
    'discount_amount', v_discount,
    'final_monthly_amount', v_final,
    'requires_payment_method', COALESCE(v_voucher.requires_payment_method, true)
  );
END;
$function$
";resolve_tenant_billing_context;_tenant_id uuid;plpgsql;false;UNSAFE;jsonb;"[""search_path=public""]";public;true;false;STABLE
p_subscription_id uuid;resume_customer_subscription(uuid);"CREATE OR REPLACE FUNCTION public.resume_customer_subscription(p_subscription_id uuid)
 RETURNS jsonb
 LANGUAGE plpgsql
 SECURITY DEFINER
 SET search_path TO 'public'
AS $function$
DECLARE
  v_sub RECORD;
  v_uid UUID := auth.uid();
  v_paused_days INTEGER := 0;
  v_new_period_end TIMESTAMPTZ;
  v_new_next_billing TIMESTAMPTZ;
BEGIN
  SELECT * INTO v_sub FROM public.customer_subscriptions
    WHERE id = p_subscription_id FOR UPDATE;
  IF NOT FOUND THEN
    RETURN jsonb_build_object('success', false, 'error', 'Assinatura não encontrada');
  END IF;
  IF v_sub.tenant_id <> v_uid AND NOT public.is_super_admin_user() THEN
    RETURN jsonb_build_object('success', false, 'error', 'Sem permissão');
  END IF;
  IF v_sub.status <> 'paused' THEN
    RETURN jsonb_build_object('success', false, 'error', 'Assinatura não está pausada');
  END IF;

  v_paused_days := GREATEST(0, EXTRACT(EPOCH FROM (now() - v_sub.paused_at)) / 86400)::int;
  v_new_period_end := v_sub.current_period_end + make_interval(days => v_paused_days);
  v_new_next_billing := COALESCE(v_sub.next_billing_at, v_sub.current_period_end) + make_interval(days => v_paused_days);

  UPDATE public.customer_subscriptions
     SET status = 'active',
         resumed_at = now(),
         current_period_end = v_new_period_end,
         next_billing_at = v_new_next_billing,
         total_paused_days = COALESCE(total_paused_days,0) + v_paused_days,
         auto_renew = true,
         updated_at = now()
   WHERE id = p_subscription_id;

  INSERT INTO public.subscription_status_logs(
    tenant_id, subscription_id, customer_id, old_status, new_status,
    reason, changed_by, metadata
  ) VALUES (
    v_sub.tenant_id, p_subscription_id, v_sub.customer_id, 'paused', 'active',
    'resumed', v_uid, jsonb_build_object('paused_days', v_paused_days, 'new_period_end', v_new_period_end)
  );

  RETURN jsonb_build_object('success', true, 'paused_days', v_paused_days, 'new_period_end', v_new_period_end);
END;
$function$
";resume_customer_subscription;p_subscription_id uuid;plpgsql;false;UNSAFE;jsonb;"[""search_path=public""]";public;true;false;VOLATILE
;seed_default_workflows_v2();"CREATE OR REPLACE FUNCTION public.seed_default_workflows_v2()
 RETURNS void
 LANGUAGE plpgsql
 SET search_path TO 'public'
AS $function$
DECLARE
    t_id uuid;
BEGIN
    FOR t_id IN SELECT id FROM profiles LOOP
        -- Lista exaustiva de workflows conforme solicitado
        -- Use INSERT ON CONFLICT para não duplicar
        
        -- confirmation_single
        INSERT INTO automation_v2_workflows (tenant_id, workflow_key, name, event_name, active, configuration)
        VALUES (t_id, 'confirmation_single', 'Confirmação de Agendamento Único', 'appointment.created', true, jsonb_build_object('flow_type', 'single'))
        ON CONFLICT (tenant_id, workflow_key) DO UPDATE SET event_name = 'appointment.created';

        -- confirmation_multi
        INSERT INTO automation_v2_workflows (tenant_id, workflow_key, name, event_name, active, configuration)
        VALUES (t_id, 'confirmation_multi', 'Confirmação de Múltiplos Agendamentos', 'appointment.created', true, jsonb_build_object('flow_type', 'multi'))
        ON CONFLICT (tenant_id, workflow_key) DO UPDATE SET event_name = 'appointment.created';

        -- appointment_cancelled
        INSERT INTO automation_v2_workflows (tenant_id, workflow_key, name, event_name, active, configuration)
        VALUES (t_id, 'appointment_cancelled', 'Cancelamento de Agendamento', 'appointment.cancelled', true, '{}')
        ON CONFLICT (tenant_id, workflow_key) DO UPDATE SET event_name = 'appointment.cancelled';

        -- appointment_rescheduled
        INSERT INTO automation_v2_workflows (tenant_id, workflow_key, name, event_name, active, configuration)
        VALUES (t_id, 'appointment_rescheduled', 'Reagendamento de Agendamento', 'appointment.rescheduled', true, '{}')
        ON CONFLICT (tenant_id, workflow_key) DO UPDATE SET event_name = 'appointment.rescheduled';

        -- appointment_reminder
        INSERT INTO automation_v2_workflows (tenant_id, workflow_key, name, event_name, active, configuration)
        VALUES (t_id, 'appointment_reminder', 'Lembrete de Agendamento', 'appointment.reminder', true, '{}')
        ON CONFLICT (tenant_id, workflow_key) DO UPDATE SET event_name = 'appointment.reminder';

        -- customer_birthday
        INSERT INTO automation_v2_workflows (tenant_id, workflow_key, name, event_name, active, configuration)
        VALUES (t_id, 'customer_birthday', 'Aniversário do Cliente', 'customer.birthday', false, '{}')
        ON CONFLICT (tenant_id, workflow_key) DO UPDATE SET event_name = 'customer.birthday';

        -- inactive_customer
        INSERT INTO automation_v2_workflows (tenant_id, workflow_key, name, event_name, active, configuration)
        VALUES (t_id, 'inactive_customer', 'Cliente Inativo', 'customer.inactive', false, '{}')
        ON CONFLICT (tenant_id, workflow_key) DO UPDATE SET event_name = 'customer.inactive';

        -- post_service
        INSERT INTO automation_v2_workflows (tenant_id, workflow_key, name, event_name, active, configuration)
        VALUES (t_id, 'post_service', 'Pós-atendimento', 'appointment.completed', true, '{}')
        ON CONFLICT (tenant_id, workflow_key) DO UPDATE SET event_name = 'appointment.completed';

        -- review_request
        INSERT INTO automation_v2_workflows (tenant_id, workflow_key, name, event_name, active, configuration)
        VALUES (t_id, 'review_request', 'Pedido de Avaliação', 'appointment.completed', false, '{}')
        ON CONFLICT (tenant_id, workflow_key) DO UPDATE SET event_name = 'appointment.completed';

        -- credit_created
        INSERT INTO automation_v2_workflows (tenant_id, workflow_key, name, event_name, active, configuration)
        VALUES (t_id, 'credit_created', 'Crédito Adicionado', 'credit.created', true, '{}')
        ON CONFLICT (tenant_id, workflow_key) DO UPDATE SET event_name = 'credit.created';

        -- cashback_created
        INSERT INTO automation_v2_workflows (tenant_id, workflow_key, name, event_name, active, configuration)
        VALUES (t_id, 'cashback_created', 'Cashback Gerado', 'cashback.created', true, '{}')
        ON CONFLICT (tenant_id, workflow_key) DO UPDATE SET event_name = 'cashback.created';

        -- payment_confirmed
        INSERT INTO automation_v2_workflows (tenant_id, workflow_key, name, event_name, active, configuration)
        VALUES (t_id, 'payment_confirmed', 'Pagamento Confirmado', 'payment.confirmed', true, '{}')
        ON CONFLICT (tenant_id, workflow_key) DO UPDATE SET event_name = 'payment.confirmed';

        -- payment_pending
        INSERT INTO automation_v2_workflows (tenant_id, workflow_key, name, event_name, active, configuration)
        VALUES (t_id, 'payment_pending', 'Pagamento Pendente', 'payment.pending', true, '{}')
        ON CONFLICT (tenant_id, workflow_key) DO UPDATE SET event_name = 'payment.pending';

        -- notify_barbershop_new_appointment
        INSERT INTO automation_v2_workflows (tenant_id, workflow_key, name, event_name, active, configuration)
        VALUES (t_id, 'notify_barbershop_new_appointment', 'Notificar Barbearia (Novo Agendamento)', 'appointment.created', false, '{}')
        ON CONFLICT (tenant_id, workflow_key) DO UPDATE SET event_name = 'appointment.created';

        -- notify_professional_new_appointment
        INSERT INTO automation_v2_workflows (tenant_id, workflow_key, name, event_name, active, configuration)
        VALUES (t_id, 'notify_professional_new_appointment', 'Notificar Profissional (Novo Agendamento)', 'appointment.created', false, '{}')
        ON CONFLICT (tenant_id, workflow_key) DO UPDATE SET event_name = 'appointment.created';

    END LOOP;
END;
$function$
";seed_default_workflows_v2;;plpgsql;false;UNSAFE;void;"[""search_path=public""]";public;false;false;VOLATILE
p_tenant_id uuid;seed_subscription_automation_templates(uuid);"CREATE OR REPLACE FUNCTION public.seed_subscription_automation_templates(p_tenant_id uuid)
 RETURNS void
 LANGUAGE plpgsql
 SECURITY DEFINER
 SET search_path TO 'public'
AS $function$
BEGIN
  INSERT INTO public.automation_templates (tenant_id, key, name, channel, trigger_event, template, active)
  VALUES
    (
      p_tenant_id,
      'subscription.reward_unlocked',
      'Recompensa Premium Desbloqueada',
      'whatsapp',
      'subscription.reward_unlocked',
      E'Olá {{customer_name}}! 👑\n\nVocê acaba de desbloquear uma recompensa exclusiva do seu plano *{{plan_name}}*:\n\n🎁 *{{reward_description}}*\n\nVocê já está há {{tenure_months}} meses conosco. Obrigado pela fidelidade!\n\nFale conosco para resgatar.',
      true
    ),
    (
      p_tenant_id,
      'subscription.tenure_milestone',
      'Marco de Tempo de Assinatura',
      'whatsapp',
      'subscription.tenure_milestone',
      E'Parabéns {{customer_name}}! 🎉\n\nVocê completou *{{tenure_months}} meses* como assinante do plano *{{plan_name}}*.\n\nObrigado por confiar na nossa barbearia. Continue aproveitando todos os seus benefícios exclusivos!',
      true
    )
  ON CONFLICT (tenant_id, key) DO NOTHING;
END;
$function$
";seed_subscription_automation_templates;p_tenant_id uuid;plpgsql;false;UNSAFE;void;"[""search_path=public""]";public;true;false;VOLATILE
p_tenant_id uuid;seed_subscription_reward_unlocked_template(uuid);"CREATE OR REPLACE FUNCTION public.seed_subscription_reward_unlocked_template(p_tenant_id uuid)
 RETURNS void
 LANGUAGE plpgsql
 SECURITY DEFINER
 SET search_path TO 'public'
AS $function$
BEGIN
  INSERT INTO public.automation_templates (tenant_id, key, name, channel, trigger_event, template, active, requires_callback)
  VALUES (
    p_tenant_id,
    'subscription_reward_unlocked',
    'Recompensa Premium Desbloqueada',
    'whatsapp',
    'subscription.reward_unlocked',
    E'Olá {{customer_name}} 🎉\n\nParabéns! Você desbloqueou uma nova recompensa da sua assinatura premium na {{barbershop_name}}.\n\n🎁 Recompensa: {{reward_description}}\n\nContinue aproveitando seus benefícios exclusivos como assinante!',
    true,
    false
  )
  ON CONFLICT (tenant_id, key) DO UPDATE
    SET trigger_event = EXCLUDED.trigger_event,
        channel = EXCLUDED.channel,
        requires_callback = false,
        updated_at = now();
END;
$function$
";seed_subscription_reward_unlocked_template;p_tenant_id uuid;plpgsql;false;UNSAFE;void;"[""search_path=public""]";public;true;false;VOLATILE
p_appointment_id uuid, p_decision text;set_appointment_review_decision(uuid,text);"CREATE OR REPLACE FUNCTION public.set_appointment_review_decision(p_appointment_id uuid, p_decision text)
 RETURNS jsonb
 LANGUAGE plpgsql
 SECURITY DEFINER
 SET search_path TO 'public'
AS $function$
DECLARE
  v_user_id uuid;
  v_appt public.appointments;
  v_customer_id uuid;
BEGIN
  v_user_id := auth.uid();

  IF v_user_id IS NULL THEN
    RAISE EXCEPTION 'not_authenticated';
  END IF;

  IF p_decision != 'skipped' THEN
    RAISE EXCEPTION 'invalid_decision: manual decision via RPC can only be skipped';
  END IF;

  SELECT * INTO v_appt
  FROM public.appointments
  WHERE id = p_appointment_id
  FOR UPDATE;

  IF v_appt.id IS NULL THEN
    RAISE EXCEPTION 'appointment_not_found';
  END IF;

  IF v_appt.status != 'completed' THEN
    RAISE EXCEPTION 'appointment_not_completed: review decision is only applicable to completed appointments';
  END IF;

  SELECT id INTO v_customer_id
  FROM public.customers
  WHERE id = v_appt.customer_id
    AND tenant_id = v_appt.tenant_id
    AND auth_user_id = v_user_id;

  IF v_customer_id IS NULL THEN
    RAISE EXCEPTION 'unauthorized: caller is not the owner of this appointment';
  END IF;

  IF EXISTS (SELECT 1 FROM public.appointment_reviews WHERE appointment_id = p_appointment_id) THEN
    RAISE EXCEPTION 'review_already_submitted: cannot skip an appointment with an existing review';
  END IF;

  IF v_appt.review_decision = 'submitted' THEN
    RAISE EXCEPTION 'cannot_change_submitted_decision';
  END IF;

  IF v_appt.review_decision = 'skipped' THEN
    RETURN jsonb_build_object(
      'success', true,
      'appointment_id', p_appointment_id,
      'review_decision', 'skipped',
      'idempotent', true
    );
  END IF;

  UPDATE public.appointments
  SET review_decision = 'skipped',
      updated_at = now()
  WHERE id = p_appointment_id;

  RETURN jsonb_build_object(
    'success', true,
    'appointment_id', p_appointment_id,
    'review_decision', 'skipped'
  );
END;
$function$
";set_appointment_review_decision;p_appointment_id uuid, p_decision text;plpgsql;false;UNSAFE;jsonb;"[""search_path=public""]";public;true;false;VOLATILE
;set_subscription_card_token();"CREATE OR REPLACE FUNCTION public.set_subscription_card_token()
 RETURNS trigger
 LANGUAGE plpgsql
 SET search_path TO 'public'
AS $function$
BEGIN
  IF NEW.card_token IS NULL THEN
    NEW.card_token := encode(gen_random_bytes(24), 'hex');
    NEW.card_token_issued_at := now();
  END IF;
  RETURN NEW;
END;
$function$
";set_subscription_card_token;;plpgsql;false;UNSAFE;trigger;"[""search_path=public""]";public;false;false;VOLATILE
;set_subscription_referral_code();"CREATE OR REPLACE FUNCTION public.set_subscription_referral_code()
 RETURNS trigger
 LANGUAGE plpgsql
 SECURITY DEFINER
 SET search_path TO 'public'
AS $function$
BEGIN
  IF NEW.referral_code IS NULL THEN
    NEW.referral_code := public.generate_subscription_referral_code();
  END IF;
  RETURN NEW;
END;
$function$
";set_subscription_referral_code;;plpgsql;false;UNSAFE;trigger;"[""search_path=public""]";public;true;false;VOLATILE
;set_updated_at();"CREATE OR REPLACE FUNCTION public.set_updated_at()
 RETURNS trigger
 LANGUAGE plpgsql
AS $function$
BEGIN
  NEW.updated_at = now();
  RETURN NEW;
END;
$function$
";set_updated_at;;plpgsql;false;UNSAFE;trigger;;public;false;false;VOLATILE
p_appointment_id uuid, p_service_amount numeric, p_products_amount numeric, p_tip_amount numeric, p_discount_amount numeric, p_payment_breakdown jsonb, p_tip_barber_id uuid DEFAULT NULL::uuid;settle_appointment_payment(uuid,numeric,numeric,numeric,numeric,jsonb,uuid);"CREATE OR REPLACE FUNCTION public.settle_appointment_payment(p_appointment_id uuid, p_service_amount numeric, p_products_amount numeric, p_tip_amount numeric, p_discount_amount numeric, p_payment_breakdown jsonb, p_tip_barber_id uuid DEFAULT NULL::uuid)
 RETURNS jsonb
 LANGUAGE plpgsql
 SECURITY DEFINER
 SET search_path TO 'public'
AS $function$
DECLARE
  v_appt RECORD;
  v_uid UUID := auth.uid();
  v_is_owner BOOLEAN := false;
  v_is_barber BOOLEAN := false;
  v_cash NUMERIC := COALESCE((p_payment_breakdown->>'cash')::NUMERIC, 0);
  v_credit NUMERIC := COALESCE((p_payment_breakdown->>'credit_card')::NUMERIC, 0);
  v_debit NUMERIC := COALESCE((p_payment_breakdown->>'debit_card')::NUMERIC, 0);
  v_pix NUMERIC := COALESCE((p_payment_breakdown->>'pix')::NUMERIC, 0);
  v_other NUMERIC := COALESCE((p_payment_breakdown->>'other')::NUMERIC, 0);
  v_paid_total NUMERIC;
  v_expected NUMERIC;
  v_final NUMERIC;
  v_method TEXT;
  v_nonzero INT := 0;
  v_tip_barber UUID;
BEGIN
  SELECT * INTO v_appt FROM public.appointments WHERE id = p_appointment_id;
  IF NOT FOUND THEN
    RETURN jsonb_build_object('success', false, 'error', 'Agendamento não encontrado');
  END IF;

  v_is_owner := (v_uid = v_appt.tenant_id);
  IF NOT v_is_owner AND v_appt.barber_id IS NOT NULL THEN
    SELECT EXISTS(
      SELECT 1 FROM public.barbers b WHERE b.id = v_appt.barber_id AND b.user_id = v_uid
    ) INTO v_is_barber;
  END IF;

  IF NOT (v_is_owner OR v_is_barber) THEN
    RETURN jsonb_build_object('success', false, 'error', 'Sem permissão');
  END IF;

  p_service_amount  := COALESCE(p_service_amount, 0);
  p_products_amount := COALESCE(p_products_amount, 0);
  p_tip_amount      := COALESCE(p_tip_amount, 0);
  p_discount_amount := COALESCE(p_discount_amount, 0);

  IF p_service_amount < 0 OR p_products_amount < 0 OR p_tip_amount < 0 OR p_discount_amount < 0 THEN
    RETURN jsonb_build_object('success', false, 'error', 'Valores negativos não permitidos');
  END IF;

  v_final := p_service_amount + p_products_amount + p_tip_amount - p_discount_amount;
  IF v_final < 0 THEN
    RETURN jsonb_build_object('success', false, 'error', 'Desconto maior que o total');
  END IF;

  v_paid_total := v_cash + v_credit + v_debit + v_pix + v_other;

  IF ROUND(v_paid_total::numeric, 2) <> ROUND(v_final::numeric, 2) THEN
    RETURN jsonb_build_object(
      'success', false,
      'error', 'Total das formas de pagamento (' || v_paid_total || ') difere do total (' || v_final || ')'
    );
  END IF;

  -- Determine primary payment method
  IF v_cash > 0 THEN v_nonzero := v_nonzero + 1; v_method := 'cash'; END IF;
  IF v_credit > 0 THEN v_nonzero := v_nonzero + 1; v_method := 'credit_card'; END IF;
  IF v_debit > 0 THEN v_nonzero := v_nonzero + 1; v_method := 'debit_card'; END IF;
  IF v_pix > 0 THEN v_nonzero := v_nonzero + 1; v_method := 'pix'; END IF;
  IF v_other > 0 THEN v_nonzero := v_nonzero + 1; v_method := COALESCE(v_method, 'other'); END IF;
  IF v_nonzero > 1 THEN v_method := 'mixed'; END IF;
  IF v_nonzero = 0 AND v_final = 0 THEN v_method := 'free'; END IF;

  v_tip_barber := COALESCE(p_tip_barber_id, v_appt.barber_id);

  UPDATE public.appointments SET
    service_amount = p_service_amount,
    products_amount = p_products_amount,
    tip_amount = p_tip_amount,
    tip_barber_id = v_tip_barber,
    discount_amount = p_discount_amount,
    subtotal_amount = p_service_amount + p_products_amount,
    final_amount = v_final,
    total_price = v_final,
    amount_paid = v_final,
    cash_amount = v_cash,
    credit_card_amount = v_credit,
    debit_card_amount = v_debit,
    pix_amount = v_pix,
    extra_amount = v_other,
    payment_method = v_method,
    payment_breakdown = p_payment_breakdown,
    payment_status = 'paid',
    updated_at = now()
  WHERE id = p_appointment_id;

  -- Register/refresh main financial transaction for the service+tip portion.
  -- Product portions are already lançadas por add_product_to_comanda.
  IF (p_service_amount + p_tip_amount - p_discount_amount) > 0 THEN
    INSERT INTO public.transactions (
      tenant_id, type, amount, category, description,
      payment_method, appointment_id, barber_id, transaction_date
    ) VALUES (
      v_appt.tenant_id, 'income',
      p_service_amount + p_tip_amount - p_discount_amount,
      CASE WHEN p_tip_amount > 0 THEN 'service_with_tip' ELSE 'service' END,
      'Fechamento agendamento #' || substring(p_appointment_id::text, 1, 8)
        || CASE WHEN p_tip_amount > 0 THEN ' (inclui gorjeta R$ ' || p_tip_amount || ')' ELSE '' END,
      v_method, p_appointment_id, v_appt.barber_id, now()
    );
  END IF;

  RETURN jsonb_build_object(
    'success', true,
    'final_amount', v_final,
    'payment_method', v_method
  );
END;
$function$
";settle_appointment_payment;p_appointment_id uuid, p_service_amount numeric, p_products_amount numeric, p_tip_amount numeric, p_discount_amount numeric, p_payment_breakdown jsonb, p_tip_barber_id uuid;plpgsql;false;UNSAFE;jsonb;"[""search_path=public""]";public;true;false;VOLATILE
_token uuid, _barbershop_rating integer, _barber_rating integer, _service_rating integer DEFAULT NULL::integer, _testimonial_text text DEFAULT NULL::text, _would_recommend text DEFAULT NULL::text, _allow_public_display boolean DEFAULT false, _service_id uuid DEFAULT NULL::uuid;submit_review_by_token(uuid,integer,integer,integer,text,text,boolean,uuid);"CREATE OR REPLACE FUNCTION public.submit_review_by_token(_token uuid, _barbershop_rating integer, _barber_rating integer, _service_rating integer DEFAULT NULL::integer, _testimonial_text text DEFAULT NULL::text, _would_recommend text DEFAULT NULL::text, _allow_public_display boolean DEFAULT false, _service_id uuid DEFAULT NULL::uuid)
 RETURNS appointment_reviews
 LANGUAGE plpgsql
 SECURITY DEFINER
 SET search_path TO 'public'
AS $function$
DECLARE
  v_row public.appointment_reviews;
BEGIN
  UPDATE public.appointment_reviews
     SET barbershop_rating = COALESCE(_barbershop_rating, barbershop_rating),
         barber_rating = COALESCE(_barber_rating, barber_rating),
         service_rating = COALESCE(_service_rating, service_rating),
         testimonial_text = COALESCE(NULLIF(trim(_testimonial_text), ''), testimonial_text),
         would_recommend = COALESCE(_would_recommend, would_recommend),
         allow_public_display = COALESCE(_allow_public_display, allow_public_display),
         service_id = COALESCE(_service_id, service_id),
         submitted_at = COALESCE(submitted_at, now()),
         token_used_at = now(),
         testimonial_status = 'pending',
         updated_at = now()
   WHERE review_token = _token
     AND (token_expires_at IS NULL OR token_expires_at > now())
  RETURNING * INTO v_row;

  IF v_row.id IS NULL THEN
    RAISE EXCEPTION 'invalid_or_expired_token';
  END IF;

  RETURN v_row;
END;
$function$
";submit_review_by_token;_token uuid, _barbershop_rating integer, _barber_rating integer, _service_rating integer, _testimonial_text text, _would_recommend text, _allow_public_display boolean, _service_id uuid;plpgsql;false;UNSAFE;appointment_reviews;"[""search_path=public""]";public;true;false;VOLATILE
_token uuid, _barbershop_rating integer, _barber_rating integer, _testimonial text, _would_recommend text;submit_review_by_token(uuid,integer,integer,text,text);"CREATE OR REPLACE FUNCTION public.submit_review_by_token(_token uuid, _barbershop_rating integer, _barber_rating integer, _testimonial text, _would_recommend text)
 RETURNS jsonb
 LANGUAGE plpgsql
 SECURITY DEFINER
 SET search_path TO 'public'
AS $function$
DECLARE
  rec public.appointment_reviews%ROWTYPE;
BEGIN
  SELECT * INTO rec FROM public.appointment_reviews WHERE review_token = _token FOR UPDATE;
  IF NOT FOUND THEN
    RETURN jsonb_build_object('success', false, 'error', 'invalid_token');
  END IF;
  IF rec.token_used_at IS NOT NULL OR rec.submitted_at IS NOT NULL THEN
    RETURN jsonb_build_object('success', false, 'error', 'already_submitted');
  END IF;
  IF _barbershop_rating IS NULL OR _barbershop_rating < 1 OR _barbershop_rating > 5
     OR _barber_rating IS NULL OR _barber_rating < 1 OR _barber_rating > 5 THEN
    RETURN jsonb_build_object('success', false, 'error', 'invalid_rating');
  END IF;
  IF _would_recommend IS NOT NULL AND _would_recommend NOT IN ('yes','maybe','no') THEN
    RETURN jsonb_build_object('success', false, 'error', 'invalid_recommend');
  END IF;

  UPDATE public.appointment_reviews
     SET barbershop_rating = _barbershop_rating,
         barber_rating = _barber_rating,
         testimonial_text = NULLIF(trim(_testimonial), ''),
         would_recommend = _would_recommend,
         testimonial_status = CASE WHEN NULLIF(trim(_testimonial), '') IS NOT NULL THEN 'pending' ELSE testimonial_status END,
         submitted_at = now(),
         token_used_at = now()
   WHERE id = rec.id;

  RETURN jsonb_build_object('success', true);
END;
$function$
";submit_review_by_token;_token uuid, _barbershop_rating integer, _barber_rating integer, _testimonial text, _would_recommend text;plpgsql;false;UNSAFE;jsonb;"[""search_path=public""]";public;true;false;VOLATILE
p_subscription_id uuid;subscription_active_months(uuid);"CREATE OR REPLACE FUNCTION public.subscription_active_months(p_subscription_id uuid)
 RETURNS integer
 LANGUAGE plpgsql
 STABLE SECURITY DEFINER
 SET search_path TO 'public'
AS $function$
DECLARE
  v_sub RECORD;
  v_total_days NUMERIC;
BEGIN
  SELECT * INTO v_sub FROM public.customer_subscriptions WHERE id = p_subscription_id;
  IF NOT FOUND THEN RETURN 0; END IF;
  v_total_days := GREATEST(0, EXTRACT(EPOCH FROM (now() - v_sub.started_at)) / 86400 - COALESCE(v_sub.total_paused_days, 0));
  RETURN FLOOR(v_total_days / 30.4375)::int;
END;
$function$
";subscription_active_months;p_subscription_id uuid;plpgsql;false;UNSAFE;integer;"[""search_path=public""]";public;true;false;STABLE
;sync_appointment_review_decision();"CREATE OR REPLACE FUNCTION public.sync_appointment_review_decision()
 RETURNS trigger
 LANGUAGE plpgsql
 SECURITY DEFINER
 SET search_path TO 'public'
AS $function$
BEGIN
  UPDATE public.appointments
  SET review_decision = 'submitted',
      updated_at = now()
  WHERE id = NEW.appointment_id
    AND (review_decision IS NULL OR review_decision != 'submitted');

  RETURN NEW;
END;
$function$
";sync_appointment_review_decision;;plpgsql;false;UNSAFE;trigger;"[""search_path=public""]";public;true;false;VOLATILE
p_tenant_id uuid;sync_barbershop_modules(uuid);"CREATE OR REPLACE FUNCTION public.sync_barbershop_modules(p_tenant_id uuid)
 RETURNS void
 LANGUAGE plpgsql
 SECURITY DEFINER
 SET search_path TO 'public'
AS $function$
DECLARE
  mod text;
  allowed jsonb;
  default_enabled boolean;
  plan_slug text;
  resolved_plan_id uuid;
BEGIN
  -- 1) tenta plan_id em barbershops
  SELECT plan_id INTO resolved_plan_id FROM public.barbershops WHERE id = p_tenant_id;

  -- 2) fallback: resolve via profiles.effective_plan/plan
  IF resolved_plan_id IS NULL THEN
    SELECT p.id INTO resolved_plan_id
      FROM public.profiles pr
      JOIN public.plans p
        ON p.slug = lower(coalesce(nullif(pr.effective_plan,''), nullif(pr.plan,''), 'starter'))
     WHERE pr.id = p_tenant_id;
  END IF;

  IF resolved_plan_id IS NULL THEN RETURN; END IF;

  SELECT p.allowed_modules, p.slug INTO allowed, plan_slug
    FROM public.plans p WHERE p.id = resolved_plan_id;
  IF allowed IS NULL THEN RETURN; END IF;

  FOR mod IN SELECT jsonb_array_elements_text(allowed) LOOP
    default_enabled := CASE
      WHEN mod IN ('dashboard','calendar','customers','barbers','services','finances','basic_finance','support','whatsapp','client_portal','barber_panel','reports_basic') THEN true
      ELSE false
    END;
    INSERT INTO public.barbershop_modules (tenant_id, module_key, enabled)
    VALUES (p_tenant_id, mod, default_enabled)
    ON CONFLICT (tenant_id, module_key) DO NOTHING;
  END LOOP;

  UPDATE public.barbershop_modules
     SET enabled = false
   WHERE tenant_id = p_tenant_id
     AND NOT (allowed ? module_key);
END;
$function$
";sync_barbershop_modules;p_tenant_id uuid;plpgsql;false;UNSAFE;void;"[""search_path=public""]";public;true;false;VOLATILE
;sync_barbershop_to_profile();"CREATE OR REPLACE FUNCTION public.sync_barbershop_to_profile()
 RETURNS trigger
 LANGUAGE plpgsql
 SECURITY DEFINER
 SET search_path TO 'public'
AS $function$
BEGIN
  UPDATE public.profiles p
  SET
    business_name       = COALESCE(NULLIF(p.business_name, ''), NEW.name),
    slug                = COALESCE(NULLIF(p.slug, ''),           NULLIF(NEW.slug, p.id::text)),
    barbershop_logo_url = COALESCE(NULLIF(NEW.logo_url, ''),     p.barbershop_logo_url),
    logo_url            = COALESCE(NULLIF(NEW.logo_url, ''),     p.logo_url),
    updated_at          = now()
  WHERE p.id = NEW.owner_id;
  RETURN NEW;
END;
$function$
";sync_barbershop_to_profile;;plpgsql;false;UNSAFE;trigger;"[""search_path=public""]";public;true;false;VOLATILE
;sync_customer_credits();"CREATE OR REPLACE FUNCTION public.sync_customer_credits()
 RETURNS trigger
 LANGUAGE plpgsql
 SET search_path TO 'public'
AS $function$
BEGIN
    -- Only sync to credits balance if it is NOT cashback
    IF NEW.credit_type = 'cashback' THEN
        RETURN NEW;
    END IF;

    IF TG_OP = 'INSERT' AND NEW.status = 'available' THEN
        UPDATE public.customers 
        SET credits = COALESCE(credits, 0) + NEW.amount
        WHERE id = NEW.customer_id;
    ELSIF TG_OP = 'UPDATE' THEN
        IF OLD.status != 'available' AND NEW.status = 'available' THEN
            UPDATE public.customers 
            SET credits = COALESCE(credits, 0) + NEW.amount
            WHERE id = NEW.customer_id;
        ELSIF OLD.status = 'available' AND NEW.status != 'available' THEN
             UPDATE public.customers 
            SET credits = COALESCE(credits, 0) - OLD.amount
            WHERE id = OLD.customer_id;
        END IF;
    END IF;
    RETURN NEW;
END;
$function$
";sync_customer_credits;;plpgsql;false;UNSAFE;trigger;"[""search_path=public""]";public;false;false;VOLATILE
;sync_modules_for_plan();"CREATE OR REPLACE FUNCTION public.sync_modules_for_plan()
 RETURNS trigger
 LANGUAGE plpgsql
 SECURITY DEFINER
 SET search_path TO 'public'
AS $function$
DECLARE
  mod text;
  allowed jsonb;
  default_enabled boolean;
  plan_slug text;
BEGIN
  IF NEW.plan_id IS NULL THEN RETURN NEW; END IF;

  SELECT p.allowed_modules, p.slug INTO allowed, plan_slug
  FROM public.plans p WHERE p.id = NEW.plan_id;

  IF allowed IS NULL THEN RETURN NEW; END IF;

  -- Inserir módulos novos (que vieram com o plano)
  FOR mod IN SELECT jsonb_array_elements_text(allowed) LOOP
    default_enabled := CASE
      WHEN plan_slug = 'starter' THEN true
      WHEN mod IN ('dashboard','calendar','customers','barbers','services','finances','basic_finance','support','commissions','loyalty','coupons','whatsapp','client_portal','barber_panel','reports_basic','automations_basic') THEN true
      ELSE false
    END;
    INSERT INTO public.barbershop_modules (tenant_id, module_key, enabled)
    VALUES (NEW.id, mod, default_enabled)
    ON CONFLICT (tenant_id, module_key) DO NOTHING;
  END LOOP;

  -- Desativar módulos que NÃO pertencem mais ao plano (downgrade)
  UPDATE public.barbershop_modules
     SET enabled = false
   WHERE tenant_id = NEW.id
     AND NOT (allowed ? module_key);

  RETURN NEW;
END;
$function$
";sync_modules_for_plan;;plpgsql;false;UNSAFE;trigger;"[""search_path=public""]";public;true;false;VOLATILE
;sync_notification_read_status();"CREATE OR REPLACE FUNCTION public.sync_notification_read_status()
 RETURNS trigger
 LANGUAGE plpgsql
 SET search_path TO 'public'
AS $function$
BEGIN
  IF TG_OP = 'INSERT' THEN
    IF NEW.is_read IS NOT NULL THEN
      NEW.read := NEW.is_read;
    ELSIF NEW.read IS NOT NULL THEN
      NEW.is_read := NEW.read;
    END IF;
  ELSIF TG_OP = 'UPDATE' THEN
    IF NEW.is_read IS DISTINCT FROM OLD.is_read THEN
      NEW.read := NEW.is_read;
      IF NEW.is_read = true AND NEW.read_at IS NULL THEN
        NEW.read_at := now();
      END IF;
    ELSIF NEW.read IS DISTINCT FROM OLD.read THEN
      NEW.is_read := NEW.read;
      IF NEW.read = true AND NEW.read_at IS NULL THEN
        NEW.read_at := now();
      END IF;
    END IF;
  END IF;
  RETURN NEW;
END;
$function$
";sync_notification_read_status;;plpgsql;false;UNSAFE;trigger;"[""search_path=public""]";public;false;false;VOLATILE
;sync_usage_logs_on_appointment_status();"CREATE OR REPLACE FUNCTION public.sync_usage_logs_on_appointment_status()
 RETURNS trigger
 LANGUAGE plpgsql
 SECURITY DEFINER
 SET search_path TO 'public'
AS $function$
DECLARE
  v_service_name text;
  v_qty integer;
  v_period_start timestamptz;
  v_period_end timestamptz;
BEGIN
  IF NEW.status IS DISTINCT FROM OLD.status THEN
    IF NEW.status = 'completed'
       AND NEW.subscription_id IS NOT NULL
       AND COALESCE(NEW.subscription_covered_amount,0) > 0 THEN

      SELECT name INTO v_service_name FROM public.services WHERE id = NEW.service_id;
      v_qty := public._compute_consume_quantity(v_service_name);
      SELECT current_period_start, current_period_end INTO v_period_start, v_period_end
        FROM public.customer_subscriptions WHERE id = NEW.subscription_id;

      INSERT INTO public.subscription_usage_logs (
        tenant_id, subscription_id, customer_id, appointment_id, service_id,
        benefit_type, covered_amount, extra_amount, consume_quantity, status, used_at, period_start, period_end
      ) VALUES (
        NEW.tenant_id, NEW.subscription_id, NEW.customer_id, NEW.id, NEW.service_id,
        'service',
        COALESCE(NEW.subscription_covered_amount,0),
        GREATEST(0, COALESCE(NEW.total_price,0) - COALESCE(NEW.subscription_covered_amount,0)),
        v_qty,
        'consumed',
        COALESCE(NEW.completed_at, now()),
        v_period_start, v_period_end
      )
      ON CONFLICT (appointment_id) WHERE appointment_id IS NOT NULL
      DO UPDATE SET
        status = 'consumed',
        used_at = COALESCE(public.subscription_usage_logs.used_at, EXCLUDED.used_at),
        consume_quantity = GREATEST(public.subscription_usage_logs.consume_quantity, EXCLUDED.consume_quantity),
        covered_amount = EXCLUDED.covered_amount,
        extra_amount = EXCLUDED.extra_amount;

    ELSIF NEW.status IN ('canceled','cancelled','no_show') THEN
      UPDATE public.subscription_usage_logs
         SET status = 'cancelled'
       WHERE appointment_id = NEW.id AND status IN ('reserved','consumed');
    END IF;
  END IF;
  RETURN NEW;
END;
$function$
";sync_usage_logs_on_appointment_status;;plpgsql;false;UNSAFE;trigger;"[""search_path=public""]";public;true;false;VOLATILE
_tenant_id uuid, _module_key text;tenant_has_active_addon(uuid,text);"CREATE OR REPLACE FUNCTION public.tenant_has_active_addon(_tenant_id uuid, _module_key text)
 RETURNS boolean
 LANGUAGE sql
 STABLE SECURITY DEFINER
 SET search_path TO 'public'
AS $function$
  SELECT EXISTS (
    SELECT 1
    FROM public.tenant_addons ta
    JOIN public.saas_addons a ON a.id = ta.addon_id
    WHERE ta.tenant_id = _tenant_id
      AND a.module_key = _module_key
      AND ta.status IN ('active','trialing','past_due')
      AND (ta.current_period_end IS NULL OR ta.current_period_end > now())
  );
$function$
";tenant_has_active_addon;_tenant_id uuid, _module_key text;sql;false;UNSAFE;boolean;"[""search_path=public""]";public;true;false;STABLE
;test_rls_module_guards();"CREATE OR REPLACE FUNCTION public.test_rls_module_guards()
 RETURNS TABLE(table_name text, operation text, expected text, actual text, passed boolean)
 LANGUAGE plpgsql
 SECURITY DEFINER
 SET search_path TO 'public'
AS $function$
DECLARE
  fake_user uuid := gen_random_uuid();
  tables text[] := ARRAY[
    'barber_commissions','cashback_transactions','commission_closings','commission_entries',
    'customer_subscriptions','loyalty_campaign_participations','loyalty_campaign_templates',
    'loyalty_campaigns','loyalty_rewards','loyalty_settings','product_images','product_sales',
    'products','subscription_card_scans','subscription_invoices','subscription_loyalty_history',
    'subscription_loyalty_rewards','subscription_payments','subscription_plan_benefit_services',
    'subscription_plan_benefits','subscription_plan_changes','subscription_plan_services',
    'subscription_plans','subscription_referrals','subscription_status_logs','subscription_usage_logs'
  ];
  t text;
  err_msg text;
  blocked boolean;
BEGIN
  -- Only super admins can run this diagnostic
  IF NOT public.is_super_admin_user(auth.uid()) THEN
    RAISE EXCEPTION 'forbidden: super admin only';
  END IF;

  FOREACH t IN ARRAY tables LOOP
    blocked := false;
    err_msg := NULL;
    BEGIN
      -- Simulate authenticated user without any premium module
      EXECUTE format(
        'SET LOCAL role authenticated; ' ||
        'SET LOCAL ""request.jwt.claims"" = %L; ' ||
        'INSERT INTO public.%I DEFAULT VALUES;',
        json_build_object('sub', fake_user::text, 'role','authenticated')::text,
        t
      );
    EXCEPTION WHEN OTHERS THEN
      blocked := true;
      err_msg := SQLERRM;
    END;
    RESET role;

    table_name := t;
    operation := 'INSERT';
    expected := 'BLOCKED (RLS)';
    actual := CASE WHEN blocked THEN 'BLOCKED: ' || COALESCE(err_msg,'') ELSE 'ALLOWED (LEAK!)' END;
    passed := blocked AND (
      err_msg ILIKE '%row-level security%' OR
      err_msg ILIKE '%violates row-level%' OR
      err_msg ILIKE '%permission denied%' OR
      err_msg ILIKE '%new row violates%'
    );
    RETURN NEXT;
  END LOOP;
END;
$function$
";test_rls_module_guards;;plpgsql;false;UNSAFE;TABLE(table_name text, operation text, expected text, actual text, passed boolean);"[""search_path=public""]";public;true;false;VOLATILE
;tg_admin_notify_lgpd();"CREATE OR REPLACE FUNCTION public.tg_admin_notify_lgpd()
 RETURNS trigger
 LANGUAGE plpgsql
 SECURITY DEFINER
 SET search_path TO 'public'
AS $function$
BEGIN
  IF NEW.accepted_privacy = false OR NEW.source = 'deletion_request' THEN
    PERFORM public.create_admin_notification('lgpd_request','Solicitação LGPD',
      'Cliente registrou solicitação relacionada a privacidade/LGPD.',
      NEW.tenant_id, NEW.user_id, 'privacy_consent', NEW.id, '/admin/tenants', 'high');
  END IF;
  RETURN NEW;
END; $function$
";tg_admin_notify_lgpd;;plpgsql;false;UNSAFE;trigger;"[""search_path=public""]";public;true;false;VOLATILE
;tg_admin_notify_new_tenant();"CREATE OR REPLACE FUNCTION public.tg_admin_notify_new_tenant()
 RETURNS trigger
 LANGUAGE plpgsql
 SECURITY DEFINER
 SET search_path TO 'public'
AS $function$
DECLARE v_name text;
BEGIN
  IF NEW.role IS DISTINCT FROM 'super_admin' AND NEW.tenant_id IS NOT NULL THEN
    v_name := COALESCE(NEW.barbershop_name, NEW.display_name, NEW.email, 'Nova barbearia');
    PERFORM public.create_admin_notification(
      'new_tenant', 'Nova barbearia cadastrada',
      v_name || ' iniciou teste grátis no Barbex.',
      NEW.tenant_id, NEW.id, 'profile', NEW.id, '/admin/tenants', 'normal'
    );
  END IF;
  RETURN NEW;
END; $function$
";tg_admin_notify_new_tenant;;plpgsql;false;UNSAFE;trigger;"[""search_path=public""]";public;true;false;VOLATILE
;tg_admin_notify_plan_change();"CREATE OR REPLACE FUNCTION public.tg_admin_notify_plan_change()
 RETURNS trigger
 LANGUAGE plpgsql
 SECURITY DEFINER
 SET search_path TO 'public'
AS $function$
DECLARE
  v_name text;
BEGIN
  IF TG_OP = 'UPDATE' AND COALESCE(OLD.effective_plan,'') IS DISTINCT FROM COALESCE(NEW.effective_plan,'') THEN
    v_name := COALESCE(NEW.business_name, NEW.responsible_name, NEW.email, 'Barbearia');
    BEGIN
      INSERT INTO public.admin_notifications (type, title, message, metadata)
      VALUES (
        'plan_change',
        'Plano atualizado',
        v_name || ' → ' || COALESCE(NEW.effective_plan,'—'),
        jsonb_build_object('tenant_id', NEW.id, 'from', OLD.effective_plan, 'to', NEW.effective_plan)
      );
    EXCEPTION WHEN OTHERS THEN
      NULL;
    END;
  END IF;
  RETURN NEW;
END;
$function$
";tg_admin_notify_plan_change;;plpgsql;false;UNSAFE;trigger;"[""search_path=public""]";public;true;false;VOLATILE
;tg_admin_notify_saas_checkout();"CREATE OR REPLACE FUNCTION public.tg_admin_notify_saas_checkout()
 RETURNS trigger
 LANGUAGE plpgsql
 SECURITY DEFINER
 SET search_path TO 'public'
AS $function$
BEGIN
  IF (TG_OP = 'INSERT' AND NEW.status IN ('paid','complete','succeeded')) OR
     (TG_OP = 'UPDATE' AND NEW.status IS DISTINCT FROM OLD.status AND NEW.status IN ('paid','complete','succeeded')) THEN
    PERFORM public.create_admin_notification('subscription_paid','Pagamento recebido',
      'Nova assinatura paga via Stripe.',
      NEW.tenant_id, NEW.user_id, 'saas_checkout_session', NEW.id, '/admin/subscriptions', 'high');
  ELSIF (TG_OP = 'UPDATE' AND NEW.status IS DISTINCT FROM OLD.status AND NEW.status IN ('failed','payment_failed','canceled_failed')) THEN
    PERFORM public.create_admin_notification('subscription_failed','Pagamento falhou',
      'Assinatura falhou no checkout do Stripe.',
      NEW.tenant_id, NEW.user_id, 'saas_checkout_session', NEW.id, '/admin/subscriptions', 'critical');
  END IF;
  RETURN NEW;
END; $function$
";tg_admin_notify_saas_checkout;;plpgsql;false;UNSAFE;trigger;"[""search_path=public""]";public;true;false;VOLATILE
;tg_admin_notify_support_reply();"CREATE OR REPLACE FUNCTION public.tg_admin_notify_support_reply()
 RETURNS trigger
 LANGUAGE plpgsql
 SECURITY DEFINER
 SET search_path TO 'public'
AS $function$
DECLARE v_ticket public.support_tickets%ROWTYPE;
BEGIN
  IF COALESCE(NEW.is_admin_reply,false) = false THEN
    SELECT * INTO v_ticket FROM public.support_tickets WHERE id = NEW.ticket_id;
    PERFORM public.create_admin_notification('support_ticket_replied','Resposta em chamado de suporte',
      COALESCE(LEFT(NEW.message,120),'Nova mensagem do cliente'),
      v_ticket.barbershop_id, NEW.sender_id, 'support_ticket', NEW.ticket_id, '/admin/support', 'normal');
  END IF;
  RETURN NEW;
END; $function$
";tg_admin_notify_support_reply;;plpgsql;false;UNSAFE;trigger;"[""search_path=public""]";public;true;false;VOLATILE
;tg_admin_notify_support_ticket();"CREATE OR REPLACE FUNCTION public.tg_admin_notify_support_ticket()
 RETURNS trigger
 LANGUAGE plpgsql
 SECURITY DEFINER
 SET search_path TO 'public'
AS $function$
BEGIN
  PERFORM public.create_admin_notification('support_ticket_created','Novo chamado de suporte',
    COALESCE(NEW.title,'Chamado aberto'),
    NEW.barbershop_id, NEW.user_id, 'support_ticket', NEW.id, '/admin/support', 'high');
  RETURN NEW;
END; $function$
";tg_admin_notify_support_ticket;;plpgsql;false;UNSAFE;trigger;"[""search_path=public""]";public;true;false;VOLATILE
;tg_barbershop_modules_updated_at();"CREATE OR REPLACE FUNCTION public.tg_barbershop_modules_updated_at()
 RETURNS trigger
 LANGUAGE plpgsql
 SET search_path TO 'public'
AS $function$
BEGIN NEW.updated_at = now(); RETURN NEW; END;
$function$
";tg_barbershop_modules_updated_at;;plpgsql;false;UNSAFE;trigger;"[""search_path=public""]";public;false;false;VOLATILE
;tg_block_disabled_cashback();"CREATE OR REPLACE FUNCTION public.tg_block_disabled_cashback()
 RETURNS trigger
 LANGUAGE plpgsql
 SECURITY DEFINER
 SET search_path TO 'public'
AS $function$
DECLARE
  v_enabled boolean;
BEGIN
  IF NEW.type = 'earned' THEN
    SELECT COALESCE(cashback_enabled, false) INTO v_enabled
      FROM public.profiles WHERE id = NEW.tenant_id;
    IF NOT v_enabled THEN
      RAISE NOTICE 'Cashback ledger insert ignored: cashback is disabled for tenant %', NEW.tenant_id;
      RETURN NULL;  -- swallow the insert silently
    END IF;
  END IF;
  RETURN NEW;
END;
$function$
";tg_block_disabled_cashback;;plpgsql;false;UNSAFE;trigger;"[""search_path=public""]";public;true;false;VOLATILE
;tg_log_barbershop_module_change();"CREATE OR REPLACE FUNCTION public.tg_log_barbershop_module_change()
 RETURNS trigger
 LANGUAGE plpgsql
 SECURITY DEFINER
 SET search_path TO 'public'
AS $function$
BEGIN
  IF TG_OP = 'INSERT' THEN
    INSERT INTO public.barbershop_module_logs (tenant_id, module_key, old_value, new_value, changed_by)
    VALUES (NEW.tenant_id, NEW.module_key, NULL, NEW.enabled, auth.uid());
  ELSIF TG_OP = 'UPDATE' AND OLD.enabled IS DISTINCT FROM NEW.enabled THEN
    INSERT INTO public.barbershop_module_logs (tenant_id, module_key, old_value, new_value, changed_by)
    VALUES (NEW.tenant_id, NEW.module_key, OLD.enabled, NEW.enabled, auth.uid());
  END IF;
  RETURN NEW;
END;
$function$
";tg_log_barbershop_module_change;;plpgsql;false;UNSAFE;trigger;"[""search_path=public""]";public;true;false;VOLATILE
;tg_loyalty_premium_updated_at();"CREATE OR REPLACE FUNCTION public.tg_loyalty_premium_updated_at()
 RETURNS trigger
 LANGUAGE plpgsql
 SET search_path TO 'public'
AS $function$
BEGIN NEW.updated_at = now(); RETURN NEW; END; $function$
";tg_loyalty_premium_updated_at;;plpgsql;false;UNSAFE;trigger;"[""search_path=public""]";public;false;false;VOLATILE
;tg_loyalty_touch_updated_at();"CREATE OR REPLACE FUNCTION public.tg_loyalty_touch_updated_at()
 RETURNS trigger
 LANGUAGE plpgsql
 SET search_path TO 'public'
AS $function$
BEGIN NEW.updated_at = now(); RETURN NEW; END $function$
";tg_loyalty_touch_updated_at;;plpgsql;false;UNSAFE;trigger;"[""search_path=public""]";public;false;false;VOLATILE
;tg_sync_modules_on_profile_plan_change();"CREATE OR REPLACE FUNCTION public.tg_sync_modules_on_profile_plan_change()
 RETURNS trigger
 LANGUAGE plpgsql
 SECURITY DEFINER
 SET search_path TO 'public'
AS $function$
BEGIN
  IF (coalesce(NEW.effective_plan,'') IS DISTINCT FROM coalesce(OLD.effective_plan,''))
     OR (coalesce(NEW.plan,'') IS DISTINCT FROM coalesce(OLD.plan,'')) THEN
    PERFORM public.sync_barbershop_modules(NEW.id);
  END IF;
  RETURN NEW;
END;
$function$
";tg_sync_modules_on_profile_plan_change;;plpgsql;false;UNSAFE;trigger;"[""search_path=public""]";public;true;false;VOLATILE
;touch_updated_at();"CREATE OR REPLACE FUNCTION public.touch_updated_at()
 RETURNS trigger
 LANGUAGE plpgsql
 SET search_path TO 'public'
AS $function$
BEGIN NEW.updated_at = now(); RETURN NEW; END; $function$
";touch_updated_at;;plpgsql;false;UNSAFE;trigger;"[""search_path=public""]";public;false;false;VOLATILE
;tr_handle_appointment_confirmation();"CREATE OR REPLACE FUNCTION public.tr_handle_appointment_confirmation()
 RETURNS trigger
 LANGUAGE plpgsql
 SECURITY DEFINER
 SET search_path TO 'public'
AS $function$
DECLARE
    tpl_record RECORD;
    v_idempotency_key TEXT;
BEGIN
    BEGIN -- Safety block
        -- Only for new appointments
        IF (TG_OP = 'INSERT') THEN
            -- Find active template
            SELECT * INTO tpl_record
            FROM public.automation_templates
            WHERE tenant_id = NEW.tenant_id
            AND key = 'appointment_confirmation'
            AND active = true;

            IF FOUND THEN
                -- Generate key: type + appointment_id
                v_idempotency_key := 'appointment_confirmation:' || NEW.id;

                -- Insert into queue with idempotency check
                INSERT INTO public.automation_queue (tenant_id, automation_id, appointment_id, status, idempotency_key)
                VALUES (NEW.tenant_id, tpl_record.id, NEW.id, 'pending', v_idempotency_key)
                ON CONFLICT (idempotency_key) WHERE status != 'error' DO NOTHING;
            END IF;
        END IF;
    EXCEPTION WHEN OTHERS THEN
        RAISE WARNING 'Error in tr_handle_appointment_confirmation: %', SQLERRM;
    END;

    RETURN NEW;
END;
$function$
";tr_handle_appointment_confirmation;;plpgsql;false;UNSAFE;trigger;"[""search_path=public""]";public;true;false;VOLATILE
;tr_refund_subscription_on_cancel();"CREATE OR REPLACE FUNCTION public.tr_refund_subscription_on_cancel()
 RETURNS trigger
 LANGUAGE plpgsql
 SECURITY DEFINER
 SET search_path TO 'public'
AS $function$
DECLARE
  v_log_id uuid;
BEGIN
  -- Only act on transition INTO canceled
  IF NEW.status = 'canceled'
     AND (OLD.status IS NULL OR OLD.status <> 'canceled')
     AND NEW.subscription_id IS NOT NULL THEN

    -- Find any usage log tied to this appointment
    SELECT id INTO v_log_id
    FROM public.subscription_usage_logs
    WHERE appointment_id = NEW.id
    LIMIT 1;

    IF v_log_id IS NOT NULL THEN
      DELETE FROM public.subscription_usage_logs WHERE id = v_log_id;

      -- Decrement uses_this_period (clamp at 0)
      UPDATE public.customer_subscriptions
      SET uses_this_period = GREATEST(0, uses_this_period - 1),
          updated_at = now()
      WHERE id = NEW.subscription_id;
    END IF;
  END IF;

  RETURN NEW;
END;
$function$
";tr_refund_subscription_on_cancel;;plpgsql;false;UNSAFE;trigger;"[""search_path=public""]";public;true;false;VOLATILE
;trg_commission_on_appointment();"CREATE OR REPLACE FUNCTION public.trg_commission_on_appointment()
 RETURNS trigger
 LANGUAGE plpgsql
 SECURITY DEFINER
 SET search_path TO 'public'
AS $function$
BEGIN
  IF TG_OP = 'INSERT' THEN
    IF NEW.status = 'completed' THEN
      PERFORM public.create_barber_commission_for_appointment(NEW.id);
    END IF;
    RETURN NEW;
  END IF;

  IF NEW.status = 'completed' AND OLD.status IS DISTINCT FROM NEW.status THEN
    PERFORM public.create_barber_commission_for_appointment(NEW.id);
  ELSIF NEW.status = 'cancelled' AND OLD.status IS DISTINCT FROM NEW.status THEN
    UPDATE public.barber_commissions
    SET status = 'cancelled', updated_at = now()
    WHERE appointment_id = NEW.id
      AND barber_id = NEW.barber_id
      AND status = 'pending';
  END IF;

  RETURN NEW;
END;
$function$
";trg_commission_on_appointment;;plpgsql;false;UNSAFE;trigger;"[""search_path=public""]";public;true;false;VOLATILE
;trg_notify_admin_revenue_milestone();"CREATE OR REPLACE FUNCTION public.trg_notify_admin_revenue_milestone()
 RETURNS trigger
 LANGUAGE plpgsql
 SECURITY DEFINER
 SET search_path TO 'public'
AS $function$
DECLARE
  v_month_start timestamptz;
  v_month_key text;
  v_total numeric;
  v_prev_total numeric;
  v_threshold numeric;
  v_shop_name text;
  v_thresholds numeric[] := ARRAY[1000, 5000, 10000, 50000, 100000];
BEGIN
  IF NEW.tenant_id IS NULL OR COALESCE(NEW.type, '') <> 'income' THEN
    RETURN NEW;
  END IF;

  v_month_start := date_trunc('month', COALESCE(NEW.created_at, now()));
  v_month_key := to_char(v_month_start, 'YYYY-MM');

  SELECT COALESCE(SUM(amount), 0) INTO v_total
  FROM public.transactions
  WHERE tenant_id = NEW.tenant_id
    AND type = 'income'
    AND created_at >= v_month_start
    AND created_at < v_month_start + interval '1 month';

  v_prev_total := v_total - COALESCE(NEW.amount, 0);

  SELECT COALESCE(business_name, responsible_name, email) INTO v_shop_name
  FROM public.profiles WHERE id = NEW.tenant_id;

  FOREACH v_threshold IN ARRAY v_thresholds LOOP
    IF v_prev_total < v_threshold AND v_total >= v_threshold THEN
      IF NOT EXISTS (
        SELECT 1 FROM public.admin_event_log
        WHERE event_key = 'revenue.milestone'
          AND tenant_id = NEW.tenant_id
          AND payload->>'month' = v_month_key
          AND (payload->>'threshold')::numeric = v_threshold
      ) THEN
        PERFORM public.emit_admin_event_panel(
          'revenue.milestone',
          'info',
          'Marco de receita atingido 🎉',
          COALESCE(v_shop_name, 'Barbearia') || ' cruzou R$ ' || to_char(v_threshold, 'FM999G999') || ' em ' || v_month_key,
          NEW.tenant_id,
          '/admin/finance',
          jsonb_build_object('threshold', v_threshold, 'total', v_total, 'month', v_month_key)
        );
      END IF;
    END IF;
  END LOOP;

  RETURN NEW;
END;
$function$
";trg_notify_admin_revenue_milestone;;plpgsql;false;UNSAFE;trigger;"[""search_path=public""]";public;true;false;VOLATILE
;trg_notify_admin_support_ticket();"CREATE OR REPLACE FUNCTION public.trg_notify_admin_support_ticket()
 RETURNS trigger
 LANGUAGE plpgsql
 SECURITY DEFINER
 SET search_path TO 'public'
AS $function$
DECLARE
  v_shop_name text;
BEGIN
  SELECT COALESCE(business_name, responsible_name, email) INTO v_shop_name
  FROM public.profiles WHERE id = NEW.barbershop_id;

  PERFORM public.emit_admin_event_panel(
    'support.ticket_created',
    'info',
    'Novo chamado de suporte',
    COALESCE(v_shop_name, 'Barbearia') || ' abriu: ' || NEW.title,
    NEW.barbershop_id,
    '/admin/support',
    jsonb_build_object('ticket_id', NEW.id, 'category', NEW.category, 'priority', NEW.priority)
  );

  IF NEW.priority IN ('urgent', 'high') THEN
    PERFORM public.emit_admin_event_panel(
      'support.ticket_urgent',
      'critical',
      'Chamado urgente aberto',
      COALESCE(v_shop_name, 'Barbearia') || ' — ' || NEW.title,
      NEW.barbershop_id,
      '/admin/support',
      jsonb_build_object('ticket_id', NEW.id, 'priority', NEW.priority)
    );
  END IF;

  RETURN NEW;
END;
$function$
";trg_notify_admin_support_ticket;;plpgsql;false;UNSAFE;trigger;"[""search_path=public""]";public;true;false;VOLATILE
;trg_notify_admin_tenant_signup();"CREATE OR REPLACE FUNCTION public.trg_notify_admin_tenant_signup()
 RETURNS trigger
 LANGUAGE plpgsql
 SECURITY DEFINER
 SET search_path TO 'public'
AS $function$
BEGIN
  IF NEW.business_name IS NOT NULL OR NEW.role IN ('admin', 'shop_owner') THEN
    PERFORM public.emit_admin_event_panel(
      'tenant.signup',
      'Nova barbearia cadastrada',
      COALESCE(NEW.business_name, NEW.responsible_name, NEW.email, 'Sem nome'),
      'info',
      NEW.id,
      '/admin/tenants',
      jsonb_build_object(
        'tenant_id', NEW.id,
        'business_name', NEW.business_name,
        'email', NEW.email,
        'plan', NEW.plan
      )
    );
  END IF;
  RETURN NEW;
END;
$function$
";trg_notify_admin_tenant_signup;;plpgsql;false;UNSAFE;trigger;"[""search_path=public""]";public;true;false;VOLATILE
;trigger_appointment_automation();"CREATE OR REPLACE FUNCTION public.trigger_appointment_automation()
 RETURNS trigger
 LANGUAGE plpgsql
 SECURITY DEFINER
 SET search_path TO 'public'
AS $function$
DECLARE
    v_event_name TEXT;
    v_automation_type TEXT;
    v_tenant_id UUID;
    v_workflow RECORD;
    v_automation_id UUID;
    v_customer_phone TEXT;
BEGIN
    BEGIN -- Outer block for safety
        v_tenant_id := NEW.tenant_id;

        -- 1. Detecção do Evento
        IF TG_OP = 'INSERT' THEN
            v_event_name := 'appointment.created';
            v_automation_type := 'new_appointment';
        ELSIF TG_OP = 'UPDATE' THEN
            IF NEW.status IS DISTINCT FROM OLD.status THEN
                IF NEW.status = 'confirmed' THEN
                    v_event_name := 'appointment.confirmed';
                    v_automation_type := 'appointment_confirmation';
                ELSIF NEW.status = 'cancelled' THEN
                    v_event_name := 'appointment.cancelled';
                    v_automation_type := 'cancellation';
                ELSIF NEW.status = 'completed' THEN
                    v_event_name := 'appointment.completed';
                    v_automation_type := 'post_service';
                ELSE
                    v_event_name := 'appointment.updated';
                    v_automation_type := 'rescheduling';
                END IF;
            ELSIF NEW.start_time IS DISTINCT FROM OLD.start_time THEN
                v_event_name := 'appointment.rescheduled';
                v_automation_type := 'rescheduling';
            ELSE
                RETURN NEW;
            END IF;
        END IF;

        -- 2. Buscar telefone do cliente
        SELECT phone INTO v_customer_phone FROM public.customers WHERE id = NEW.customer_id;

        -- 3. Obter ID de automação válido da tabela public.automations
        BEGIN
            v_automation_id := public.get_or_create_automation(v_tenant_id, v_automation_type);
        EXCEPTION WHEN OTHERS THEN
            v_automation_id := NULL;
        END;

        -- 4. Loop pelos templates para enfileirar (se existirem)
        FOR v_workflow in
            SELECT id, key, active FROM public.automation_templates
            WHERE tenant_id = v_tenant_id
            AND trigger_event = v_event_name
        LOOP
            IF v_workflow.active THEN
                IF v_customer_phone IS NULL OR v_customer_phone = '' THEN
                    -- Log de Telefone Ausente (non-blocking)
                    BEGIN
                        INSERT INTO public.automation_logs (
                            tenant_id, automation_id, appointment_id, status, message_type, phone, payload, error_message
                        ) VALUES (
                            v_tenant_id, v_automation_id, NEW.id, 'error', v_workflow.key, v_customer_phone,
                            jsonb_build_object('diagnostic', 'customer_phone_missing', 'origin', 'automatic'),
                            'customer_phone_missing'
                        );
                    EXCEPTION WHEN OTHERS THEN
                        -- Ignore logging errors
                    END;
                    CONTINUE;
                END IF;

                -- Inserir na fila
                BEGIN
                    INSERT INTO public.automation_queue (
                        tenant_id,
                        appointment_id,
                        customer_id,
                        automation_id,
                        automation_type,
                        workflow_key,
                        status,
                        scheduled_for,
                        attempts
                    ) VALUES (
                        v_tenant_id,
                        NEW.id,
                        NEW.customer_id,
                        v_workflow.id,
                        v_automation_type,
                        v_workflow.key,
                        'pending',
                        now(),
                        0
                    ) ON CONFLICT (appointment_id, workflow_key) 
                    WHERE status = 'pending' DO NOTHING;
                EXCEPTION WHEN OTHERS THEN
                    -- Ignore queueing errors
                END;
            END IF;
        END LOOP;
        
    EXCEPTION WHEN OTHERS THEN
        RAISE WARNING 'Error in trigger_appointment_automation: %', SQLERRM;
    END;

    RETURN NEW;
END;
$function$
";trigger_appointment_automation;;plpgsql;false;UNSAFE;trigger;"[""search_path=public""]";public;true;false;VOLATILE
;trigger_recalculate_cashback();"CREATE OR REPLACE FUNCTION public.trigger_recalculate_cashback()
 RETURNS trigger
 LANGUAGE plpgsql
 SECURITY DEFINER
 SET search_path TO 'public'
AS $function$
BEGIN
    IF (TG_OP = 'DELETE') THEN
        PERFORM public.recalculate_customer_cashback_balance(OLD.customer_id);
        RETURN OLD;
    ELSE
        PERFORM public.recalculate_customer_cashback_balance(NEW.customer_id);
        RETURN NEW;
    END IF;
END;
$function$
";trigger_recalculate_cashback;;plpgsql;false;UNSAFE;trigger;"[""search_path=public""]";public;true;false;VOLATILE
;trigger_recalculate_credits();"CREATE OR REPLACE FUNCTION public.trigger_recalculate_credits()
 RETURNS trigger
 LANGUAGE plpgsql
 SECURITY DEFINER
 SET search_path TO 'public'
AS $function$
BEGIN
    IF (TG_OP = 'DELETE') THEN
        PERFORM public.recalculate_customer_credit_balance(OLD.customer_id);
        RETURN OLD;
    ELSE
        PERFORM public.recalculate_customer_credit_balance(NEW.customer_id);
        RETURN NEW;
    END IF;
END;
$function$
";trigger_recalculate_credits;;plpgsql;false;UNSAFE;trigger;"[""search_path=public""]";public;true;false;VOLATILE
;trigger_subscription_automation();"CREATE OR REPLACE FUNCTION public.trigger_subscription_automation()
 RETURNS trigger
 LANGUAGE plpgsql
 SECURITY DEFINER
 SET search_path TO 'public'
AS $function$
DECLARE
  v_event_name TEXT;
  v_workflow_key TEXT;
  v_template RECORD;
  v_customer RECORD;
  v_plan RECORD;
  v_barbershop_name TEXT;
  v_subscription_amount TEXT;
  v_renewal_date TEXT;
  v_idem TEXT;
BEGIN
  -- 1. Detect event
  IF TG_OP = 'INSERT' THEN
    IF COALESCE(NEW.status, 'active') IN ('active','trialing') THEN
      v_event_name := 'subscription.created';
      v_workflow_key := 'subscription_welcome';
    ELSE
      RETURN NEW;
    END IF;
  ELSIF TG_OP = 'UPDATE' THEN
    IF NEW.status IS DISTINCT FROM OLD.status THEN
      IF NEW.status = 'canceled' THEN
        v_event_name := 'subscription.canceled';
        v_workflow_key := 'subscription_canceled';
      ELSIF NEW.status IN ('past_due','unpaid','payment_failed') THEN
        v_event_name := 'subscription.payment_failed';
        v_workflow_key := 'subscription_payment_failed';
      ELSIF (OLD.status NOT IN ('active','trialing')) AND NEW.status IN ('active','trialing') THEN
        -- Reativação conta como nova boas-vindas
        v_event_name := 'subscription.created';
        v_workflow_key := 'subscription_welcome';
      ELSE
        RETURN NEW;
      END IF;
    ELSE
      RETURN NEW;
    END IF;
  ELSE
    RETURN NEW;
  END IF;

  -- 2. Find active template for this tenant + key
  SELECT id, template, active INTO v_template
  FROM public.automation_templates
  WHERE tenant_id = NEW.tenant_id AND key = v_workflow_key
  LIMIT 1;

  IF v_template.id IS NULL OR v_template.active IS NOT TRUE THEN
    RETURN NEW;
  END IF;

  -- 3. Customer & data
  SELECT id, name, phone INTO v_customer FROM public.customers WHERE id = NEW.customer_id;
  IF v_customer.phone IS NULL OR v_customer.phone = '' THEN
    RETURN NEW;
  END IF;

  SELECT name, monthly_price INTO v_plan FROM public.subscription_plans WHERE id = NEW.plan_id;
  SELECT COALESCE(business_name, responsible_name, 'Nossa Barbearia') INTO v_barbershop_name
  FROM public.profiles WHERE id = NEW.tenant_id;

  v_subscription_amount := to_char(COALESCE(v_plan.monthly_price, 0), 'FM999G990D00');
  v_renewal_date := to_char(COALESCE(NEW.next_billing_at, NEW.current_period_end) AT TIME ZONE 'America/Sao_Paulo', 'DD/MM/YYYY');
  v_idem := 'sub_' || v_workflow_key || '_' || NEW.id::text || '_' || COALESCE(NEW.status,'-');

  -- 4. Enqueue
  BEGIN
    INSERT INTO public.automation_queue (
      tenant_id, automation_id, customer_id, automation_type, workflow_key,
      event_name, status, scheduled_for, attempts, idempotency_key, payload
    ) VALUES (
      NEW.tenant_id, v_template.id, NEW.customer_id, v_workflow_key, v_workflow_key,
      v_event_name, 'pending', now(), 0, v_idem,
      jsonb_build_object(
        'customer_name', COALESCE(v_customer.name, 'Cliente'),
        'barbershop_name', v_barbershop_name,
        'subscription_plan', COALESCE(v_plan.name, 'Plano'),
        'subscription_amount', v_subscription_amount,
        'renewal_date', v_renewal_date,
        'subscription_id', NEW.id,
        'rendered', v_template.template
      )
    ) ON CONFLICT (idempotency_key) WHERE status <> 'error' DO NOTHING;
  EXCEPTION WHEN OTHERS THEN
    RAISE WARNING 'trigger_subscription_automation enqueue failed: %', SQLERRM;
  END;

  RETURN NEW;
END;
$function$
";trigger_subscription_automation;;plpgsql;false;UNSAFE;trigger;"[""search_path=public""]";public;true;false;VOLATILE
_endpoint text;unregister_push_subscription(text);"CREATE OR REPLACE FUNCTION public.unregister_push_subscription(_endpoint text)
 RETURNS jsonb
 LANGUAGE plpgsql
 SECURITY DEFINER
 SET search_path TO 'public'
AS $function$
BEGIN
  UPDATE public.push_subscriptions SET active = false, updated_at = now() WHERE endpoint = _endpoint;
  RETURN jsonb_build_object('success', true);
END;
$function$
";unregister_push_subscription;_endpoint text;plpgsql;false;UNSAFE;jsonb;"[""search_path=public""]";public;true;false;VOLATILE
;update_barber_commissions_updated_at();"CREATE OR REPLACE FUNCTION public.update_barber_commissions_updated_at()
 RETURNS trigger
 LANGUAGE plpgsql
 SET search_path TO 'public'
AS $function$
BEGIN
  NEW.updated_at = now();
  RETURN NEW;
END;
$function$
";update_barber_commissions_updated_at;;plpgsql;false;UNSAFE;trigger;"[""search_path=public""]";public;false;false;VOLATILE
;update_barber_rating();"CREATE OR REPLACE FUNCTION public.update_barber_rating()
 RETURNS trigger
 LANGUAGE plpgsql
 SECURITY DEFINER
 SET search_path TO 'public'
AS $function$
BEGIN
    UPDATE public.barbers
    SET 
        average_rating = (
            SELECT AVG(rating)::DECIMAL(3,2) 
            FROM public.service_ratings 
            WHERE barber_id = NEW.barber_id
        ),
        total_ratings = (
            SELECT COUNT(*) 
            FROM public.service_ratings 
            WHERE barber_id = NEW.barber_id
        )
    WHERE id = NEW.barber_id;
    RETURN NEW;
END;
$function$
";update_barber_rating;;plpgsql;false;UNSAFE;trigger;"[""search_path=public""]";public;true;false;VOLATILE
p_barber_id uuid, p_working_hours jsonb;update_barber_working_hours(uuid,jsonb);"CREATE OR REPLACE FUNCTION public.update_barber_working_hours(p_barber_id uuid, p_working_hours jsonb)
 RETURNS boolean
 LANGUAGE plpgsql
 SECURITY DEFINER
 SET search_path TO 'public'
AS $function$
DECLARE
  v_count int;
BEGIN
  UPDATE public.barbers
  SET working_hours = p_working_hours,
      updated_at = now()
  WHERE id = p_barber_id;
  GET DIAGNOSTICS v_count = ROW_COUNT;
  RETURN v_count > 0;
END;
$function$
";update_barber_working_hours;p_barber_id uuid, p_working_hours jsonb;plpgsql;false;UNSAFE;boolean;"[""search_path=public""]";public;true;false;VOLATILE
;update_bg_jobs_updated_at();"CREATE OR REPLACE FUNCTION public.update_bg_jobs_updated_at()
 RETURNS trigger
 LANGUAGE plpgsql
AS $function$
BEGIN
    NEW.updated_at = NOW();
    RETURN NEW;
END;
$function$
";update_bg_jobs_updated_at;;plpgsql;false;UNSAFE;trigger;;public;false;false;VOLATILE
;update_payment_gateway_updated_at();"CREATE OR REPLACE FUNCTION public.update_payment_gateway_updated_at()
 RETURNS trigger
 LANGUAGE plpgsql
 SET search_path TO 'public'
AS $function$
BEGIN
  NEW.updated_at = now();
  RETURN NEW;
END;
$function$
";update_payment_gateway_updated_at;;plpgsql;false;UNSAFE;trigger;"[""search_path=public""]";public;false;false;VOLATILE
;update_tenant_webhooks_updated_at();"CREATE OR REPLACE FUNCTION public.update_tenant_webhooks_updated_at()
 RETURNS trigger
 LANGUAGE plpgsql
 SET search_path TO 'public'
AS $function$
BEGIN
  NEW.updated_at = now();
  RETURN NEW;
END;
$function$
";update_tenant_webhooks_updated_at;;plpgsql;false;UNSAFE;trigger;"[""search_path=public""]";public;false;false;VOLATILE
;update_updated_at_column();"CREATE OR REPLACE FUNCTION public.update_updated_at_column()
 RETURNS trigger
 LANGUAGE plpgsql
AS $function$
BEGIN
    NEW.updated_at = now();
    RETURN NEW;
END;
$function$
";update_updated_at_column;;plpgsql;false;UNSAFE;trigger;;public;false;false;VOLATILE
;update_whatsapp_delivery_logs_updated_at();"CREATE OR REPLACE FUNCTION public.update_whatsapp_delivery_logs_updated_at()
 RETURNS trigger
 LANGUAGE plpgsql
 SET search_path TO 'public'
AS $function$
BEGIN
    NEW.updated_at = now();
    RETURN NEW;
END;
$function$
";update_whatsapp_delivery_logs_updated_at;;plpgsql;false;UNSAFE;trigger;"[""search_path=public""]";public;false;false;VOLATILE
;update_workflow_stats();"CREATE OR REPLACE FUNCTION public.update_workflow_stats()
 RETURNS trigger
 LANGUAGE plpgsql
 SET search_path TO 'public'
AS $function$
BEGIN
    IF (TG_OP = 'INSERT') THEN
        IF (NEW.status = 'success') THEN
            UPDATE public.automation_workflows 
            SET total_sent = total_sent + 1,
                last_execution_at = NEW.created_at
            WHERE id = NEW.workflow_id;
        ELSIF (NEW.status = 'error') THEN
            UPDATE public.automation_workflows 
            SET total_failed = total_failed + 1,
                last_execution_at = NEW.created_at
            WHERE id = NEW.workflow_id;
        END IF;
    END IF;
    RETURN NEW;
END;
$function$
";update_workflow_stats;;plpgsql;false;UNSAFE;trigger;"[""search_path=public""]";public;false;false;VOLATILE
p_customer_id uuid, p_amount numeric, p_appointment_id uuid DEFAULT NULL::uuid;use_customer_credits(uuid,numeric,uuid);"CREATE OR REPLACE FUNCTION public.use_customer_credits(p_customer_id uuid, p_amount numeric, p_appointment_id uuid DEFAULT NULL::uuid)
 RETURNS jsonb
 LANGUAGE plpgsql
 SECURITY DEFINER
 SET search_path TO 'public'
AS $function$
DECLARE
    v_available_credits NUMERIC;
    v_credit_record RECORD;
    v_remaining_to_deduct NUMERIC := p_amount;
    v_deducted_total NUMERIC := 0;
BEGIN
    -- 1. Check total available credits with row-level lock
    SELECT COALESCE(credits, 0) INTO v_available_credits FROM customers WHERE id = p_customer_id FOR UPDATE;
    
    IF v_available_credits < p_amount THEN
        RETURN jsonb_build_object('success', false, 'error', 'Saldo de créditos insuficiente');
    END IF;

    -- 2. Deduct from customer_credits records (FIFO)
    FOR v_credit_record IN 
        SELECT id, amount, used_amount, available_amount 
        FROM customer_credits 
        WHERE customer_id = p_customer_id AND status IN ('available', 'partially_used')
        ORDER BY created_at ASC
        FOR UPDATE
    LOOP
        IF v_remaining_to_deduct <= 0 THEN
            EXIT;
        END IF;

        IF v_credit_record.available_amount <= v_remaining_to_deduct THEN
            -- Use full record
            UPDATE customer_credits 
            SET 
                used_amount = amount,
                status = 'used',
                updated_at = now()
            WHERE id = v_credit_record.id;
            
            v_remaining_to_deduct := v_remaining_to_deduct - v_credit_record.available_amount;
            v_deducted_total := v_deducted_total + v_credit_record.available_amount;
        ELSE
            -- Use partial record
            UPDATE customer_credits 
            SET 
                used_amount = used_amount + v_remaining_to_deduct,
                status = 'partially_used',
                updated_at = now()
            WHERE id = v_credit_record.id;
            
            v_deducted_total := v_deducted_total + v_remaining_to_deduct;
            v_remaining_to_deduct := 0;
        END IF;
    END LOOP;

    -- 3. Update the global credit balance on customer record
    UPDATE customers 
    SET 
        credits = credits - p_amount,
        updated_at = now()
    WHERE id = p_customer_id;

    RETURN jsonb_build_object('success', true, 'deducted', p_amount);
EXCEPTION WHEN OTHERS THEN
    RETURN jsonb_build_object('success', false, 'error', SQLERRM);
END;
$function$
";use_customer_credits;p_customer_id uuid, p_amount numeric, p_appointment_id uuid;plpgsql;false;UNSAFE;jsonb;"[""search_path=public""]";public;true;false;VOLATILE
;validate_appointment_review_before_insert();"CREATE OR REPLACE FUNCTION public.validate_appointment_review_before_insert()
 RETURNS trigger
 LANGUAGE plpgsql
 SECURITY DEFINER
 SET search_path TO 'public'
AS $function$
DECLARE
  v_appt public.appointments;
BEGIN
  SELECT * INTO v_appt
  FROM public.appointments
  WHERE id = NEW.appointment_id
  FOR UPDATE;

  IF v_appt.id IS NULL THEN
    RAISE EXCEPTION 'appointment_not_found: appointment % does not exist', NEW.appointment_id;
  END IF;

  IF v_appt.status != 'completed' THEN
    RAISE EXCEPTION 'appointment_not_completed: cannot review appointment with status %', v_appt.status;
  END IF;

  IF v_appt.review_decision = 'skipped' THEN
    RAISE EXCEPTION 'review_decision_already_skipped: customer chose not to review this appointment';
  END IF;

  IF v_appt.customer_id != NEW.customer_id OR v_appt.tenant_id != NEW.tenant_id THEN
    RAISE EXCEPTION 'inconsistent_review_target: customer or tenant does not match appointment';
  END IF;

  RETURN NEW;
END;
$function$
";validate_appointment_review_before_insert;;plpgsql;false;UNSAFE;trigger;"[""search_path=public""]";public;true;false;VOLATILE
p_token text, p_scanned_by uuid DEFAULT NULL::uuid, p_log boolean DEFAULT true;validate_subscription_card(text,uuid,boolean);"CREATE OR REPLACE FUNCTION public.validate_subscription_card(p_token text, p_scanned_by uuid DEFAULT NULL::uuid, p_log boolean DEFAULT true)
 RETURNS jsonb
 LANGUAGE plpgsql
 SECURITY DEFINER
 SET search_path TO 'public'
AS $function$
DECLARE
  v_sub RECORD;
  v_plan RECORD;
  v_customer RECORD;
  v_last_use TIMESTAMPTZ;
  v_remaining INTEGER;
  v_result TEXT;
  v_reason TEXT;
BEGIN
  IF p_token IS NULL OR length(p_token) < 16 THEN
    RETURN jsonb_build_object('valid', false, 'error', 'invalid_token');
  END IF;

  SELECT * INTO v_sub FROM public.customer_subscriptions
    WHERE card_token = p_token;

  IF NOT FOUND THEN
    RETURN jsonb_build_object('valid', false, 'error', 'not_found');
  END IF;

  IF v_sub.card_token_revoked_at IS NOT NULL THEN
    v_result := 'revoked'; v_reason := 'token_revoked';
  ELSIF v_sub.status = 'canceled' THEN
    v_result := 'invalid'; v_reason := 'subscription_canceled';
  ELSIF v_sub.status = 'expired' THEN
    v_result := 'invalid'; v_reason := 'subscription_expired';
  ELSIF v_sub.status = 'paused' THEN
    v_result := 'paused'; v_reason := 'subscription_paused';
  ELSIF v_sub.status = 'active' THEN
    v_result := 'valid';
  ELSE
    v_result := 'pending'; v_reason := v_sub.status;
  END IF;

  SELECT id, name, avatar_url, phone INTO v_customer
    FROM public.customers WHERE id = v_sub.customer_id;

  SELECT id, name, plan_type, monthly_price, usage_type, max_uses_per_month, benefits
    INTO v_plan FROM public.subscription_plans WHERE id = v_sub.plan_id;

  SELECT MAX(used_at) INTO v_last_use FROM public.subscription_usage_logs
    WHERE subscription_id = v_sub.id;

  IF v_plan.usage_type = 'limited' THEN
    v_remaining := GREATEST(0, COALESCE(v_plan.max_uses_per_month, 0) - COALESCE(v_sub.uses_this_period, 0));
  ELSE
    v_remaining := NULL;
  END IF;

  IF p_log THEN
    INSERT INTO public.subscription_card_scans(
      tenant_id, customer_id, subscription_id, scanned_by, result, reason
    ) VALUES (
      v_sub.tenant_id, v_sub.customer_id, v_sub.id, p_scanned_by, v_result, v_reason
    );
  END IF;

  RETURN jsonb_build_object(
    'valid', v_result = 'valid',
    'result', v_result,
    'reason', v_reason,
    'subscription_id', v_sub.id,
    'tenant_id', v_sub.tenant_id,
    'status', v_sub.status,
    'current_period_end', v_sub.current_period_end,
    'paused_until', v_sub.pause_until,
    'customer', CASE WHEN v_customer.id IS NULL THEN NULL ELSE jsonb_build_object(
      'name', v_customer.name,
      'avatar_url', v_customer.avatar_url,
      'phone_masked', CASE WHEN v_customer.phone IS NULL THEN NULL
        ELSE regexp_replace(v_customer.phone, '(\d{2})(\d+)(\d{4})', '\1*****\3') END
    ) END,
    'plan', CASE WHEN v_plan.id IS NULL THEN NULL ELSE jsonb_build_object(
      'name', v_plan.name,
      'plan_type', v_plan.plan_type,
      'monthly_price', v_plan.monthly_price,
      'usage_type', v_plan.usage_type,
      'max_uses_per_month', v_plan.max_uses_per_month,
      'benefits', v_plan.benefits
    ) END,
    'uses_this_period', v_sub.uses_this_period,
    'remaining_uses', v_remaining,
    'last_use', v_last_use
  );
END;
$function$
";validate_subscription_card;p_token text, p_scanned_by uuid, p_log boolean;plpgsql;false;UNSAFE;jsonb;"[""search_path=public""]";public;true;false;VOLATILE
p_tenant_id uuid, p_code text, p_plan_price numeric;validate_subscription_coupon(uuid,text,numeric);"CREATE OR REPLACE FUNCTION public.validate_subscription_coupon(p_tenant_id uuid, p_code text, p_plan_price numeric)
 RETURNS jsonb
 LANGUAGE plpgsql
 SECURITY DEFINER
 SET search_path TO 'public'
AS $function$
DECLARE
  v_coupon public.coupons%ROWTYPE;
  v_discount numeric(10,2) := 0;
  v_final numeric(10,2) := COALESCE(p_plan_price, 0);
BEGIN
  IF p_code IS NULL OR length(trim(p_code)) = 0 THEN
    RETURN jsonb_build_object('valid', false, 'error', 'Código vazio');
  END IF;

  SELECT * INTO v_coupon
  FROM public.coupons
  WHERE tenant_id = p_tenant_id
    AND upper(code) = upper(trim(p_code))
  LIMIT 1;

  IF NOT FOUND THEN
    RETURN jsonb_build_object('valid', false, 'error', 'Cupom inválido ou inexistente');
  END IF;

  IF v_coupon.applies_to <> 'subscription' THEN
    RETURN jsonb_build_object('valid', false, 'error', 'Este cupom não é válido para assinaturas');
  END IF;

  IF NOT v_coupon.active THEN
    RETURN jsonb_build_object('valid', false, 'error', 'Cupom inativo');
  END IF;

  IF v_coupon.expires_at IS NOT NULL AND v_coupon.expires_at < now() THEN
    RETURN jsonb_build_object('valid', false, 'error', 'Cupom expirado');
  END IF;

  IF v_coupon.usage_limit IS NOT NULL AND COALESCE(v_coupon.used_count,0) >= v_coupon.usage_limit THEN
    RETURN jsonb_build_object('valid', false, 'error', 'Cupom atingiu o limite de usos');
  END IF;

  IF v_coupon.type = 'fixed' THEN
    v_discount := LEAST(v_coupon.value, COALESCE(p_plan_price,0));
  ELSE
    v_discount := ROUND((COALESCE(p_plan_price,0) * (v_coupon.value / 100.0))::numeric, 2);
  END IF;

  IF v_coupon.max_discount IS NOT NULL THEN
    v_discount := LEAST(v_discount, v_coupon.max_discount);
  END IF;

  v_final := GREATEST(0, COALESCE(p_plan_price,0) - v_discount);

  RETURN jsonb_build_object(
    'valid', true,
    'coupon_id', v_coupon.id,
    'coupon_code', v_coupon.code,
    'discount_type', v_coupon.type,
    'discount_value', v_coupon.value,
    'first_month_only', v_coupon.first_month_only,
    'discount_amount', v_discount,
    'final_amount', v_final
  );
END;
$function$
";validate_subscription_coupon;p_tenant_id uuid, p_code text, p_plan_price numeric;plpgsql;false;UNSAFE;jsonb;"[""search_path=public""]";public;true;false;VOLATILE
p_tenant_id uuid, p_code text, p_new_customer_id uuid DEFAULT NULL::uuid;validate_subscription_referral_code(uuid,text,uuid);"CREATE OR REPLACE FUNCTION public.validate_subscription_referral_code(p_tenant_id uuid, p_code text, p_new_customer_id uuid DEFAULT NULL::uuid)
 RETURNS jsonb
 LANGUAGE plpgsql
 SECURITY DEFINER
 SET search_path TO 'public'
AS $function$
DECLARE
  v_sub RECORD;
BEGIN
  IF p_code IS NULL OR LENGTH(TRIM(p_code)) = 0 THEN
    RETURN jsonb_build_object('valid', false, 'reason', 'empty');
  END IF;

  SELECT cs.id, cs.customer_id, cs.tenant_id, cs.status, c.name AS customer_name
  INTO v_sub
  FROM public.customer_subscriptions cs
  JOIN public.customers c ON c.id = cs.customer_id
  WHERE UPPER(cs.referral_code) = UPPER(TRIM(p_code))
    AND cs.tenant_id = p_tenant_id
  LIMIT 1;

  IF NOT FOUND THEN
    RETURN jsonb_build_object('valid', false, 'reason', 'not_found');
  END IF;

  IF v_sub.status NOT IN ('active', 'paused', 'pending_payment') THEN
    RETURN jsonb_build_object('valid', false, 'reason', 'inactive');
  END IF;

  IF p_new_customer_id IS NOT NULL AND v_sub.customer_id = p_new_customer_id THEN
    RETURN jsonb_build_object('valid', false, 'reason', 'self_referral');
  END IF;

  RETURN jsonb_build_object(
    'valid', true,
    'referrer_subscription_id', v_sub.id,
    'referrer_customer_id', v_sub.customer_id,
    'referrer_name', v_sub.customer_name
  );
END;
$function$
";validate_subscription_referral_code;p_tenant_id uuid, p_code text, p_new_customer_id uuid;plpgsql;false;UNSAFE;jsonb;"[""search_path=public""]";public;true;false;VOLATILE
;validate_usage_log_status();"CREATE OR REPLACE FUNCTION public.validate_usage_log_status()
 RETURNS trigger
 LANGUAGE plpgsql
 SET search_path TO 'public'
AS $function$
BEGIN
  IF NEW.status NOT IN ('reserved','consumed','cancelled','refunded') THEN
    RAISE EXCEPTION 'invalid status %', NEW.status;
  END IF;
  RETURN NEW;
END;
$function$
";validate_usage_log_status;;plpgsql;false;UNSAFE;trigger;"[""search_path=public""]";public;false;false;VOLATILE
p_challenge_id uuid, p_barber_id uuid, p_code_hash text, p_max_attempts integer DEFAULT 5;verify_staff_verification_challenge(uuid,uuid,text,integer);"CREATE OR REPLACE FUNCTION public.verify_staff_verification_challenge(p_challenge_id uuid, p_barber_id uuid, p_code_hash text, p_max_attempts integer DEFAULT 5)
 RETURNS TABLE(success boolean, error_code text)
 LANGUAGE plpgsql
 SECURITY DEFINER
 SET search_path TO 'public'
AS $function$
DECLARE
  v_row record;
BEGIN
  SELECT *
  INTO v_row
  FROM public.verification_challenges
  WHERE id = p_challenge_id
    AND barber_id = p_barber_id
    AND purpose = 'staff_email_verification'
    AND verified_at IS NULL
    AND consumed_at IS NULL
    AND expires_at > now()
  FOR UPDATE;

  IF NOT FOUND THEN
    RETURN QUERY
    SELECT false, 'NOT_FOUND_OR_EXPIRED'::text;
    RETURN;
  END IF;

  IF v_row.attempts >= p_max_attempts THEN
    DELETE FROM public.verification_challenges
    WHERE id = p_challenge_id;

    RETURN QUERY
    SELECT false, 'ATTEMPTS_EXCEEDED'::text;
    RETURN;
  END IF;

  IF v_row.code_hash <> p_code_hash THEN
    IF (v_row.attempts + 1) >= p_max_attempts THEN
      DELETE FROM public.verification_challenges
      WHERE id = p_challenge_id;

      RETURN QUERY
      SELECT false, 'ATTEMPTS_EXCEEDED'::text;
    ELSE
      UPDATE public.verification_challenges
      SET attempts = attempts + 1
      WHERE id = p_challenge_id;

      RETURN QUERY
      SELECT false, 'INVALID_CODE'::text;
    END IF;

    RETURN;
  END IF;

  UPDATE public.verification_challenges
  SET verified_at = now()
  WHERE id = p_challenge_id;

  RETURN QUERY
  SELECT true, 'OK'::text;
END;
$function$
";verify_staff_verification_challenge;p_challenge_id uuid, p_barber_id uuid, p_code_hash text, p_max_attempts integer;plpgsql;false;UNSAFE;TABLE(success boolean, error_code text);"[""search_path=public""]";public;true;false;VOLATILE